Incident_ID,Weapon_Type,Weapon_Caliber,Weapon_Details
20250827MNANM,Rifle,.223 caliber,
20250827MNANM,Shotgun,12 gauge,
20250827MNANM,Handgun,,
20250826MNCRM,Rifle,.223 caliber,AR-15 rifle
20250822ILMAP,Handgun,,
20250822KYMAM,Handgun,,
20250820TNRIM,Handgun,,
20250820MSGUG,Handgun,,
20250820ARROL,Handgun,,
20250818NCPAC,Handgun,,
20250815NCSOR,Handgun,,
20250814GAMEN,Handgun,,
20250813KYCEL,Handgun,,
20250807NYCHW,Handgun,,
20250731WAPIV,Handgun,.45 caliber,Taurus compact handgun
20250715OHSPS,Handgun,,
20250715NCWIW,Handgun,,
20250713ILSTC,Handgun,,
20250712TNTYC,Handgun,,
20250712ALWOB,Handgun,,
20250712ALWOB,Handgun,,
20250712ALWOB,Handgun,,
20250712MASOA,Handgun,,
20250707OHMAA,Handgun,,
20250704NYPUB,Handgun,,
20250629PAKEP,Handgun,,
20250627MIDED,Handgun,,
20250625NMSAS,Rifle,,
20250624CACUC,,,
20250624CABLC,Handgun,,
20250624COKED,Handgun,,
20250618CAEIR,Handgun,,
20250617WALIT,Handgun,,
20250616NJUNS,Other,,Paintball gun
20250608ORWIM,Handgun,,
20250606MNBUB,Handgun,,Extended mag
20250601HIKEK,Handgun,,
20250530NYPSB,Handgun,,
20250530MNWAM,Handgun,,Glock with switch for automatic fire
20250529MIMAD,Handgun,,
20250527WAELV,Handgun,,
20250524OHIPA,,,
20250522WABRP,Other,BB,Replica Glock BB gun
20250521PAWIA,Handgun,,Glock
20250520DCSPW,Handgun,,
20250520VAECC,Handgun,,
20250518UTKEK,Handgun,,
20250518UTKEK,Handgun,,AR-15 pistol
20250516NJMIP,Handgun,,
20250516MOSUS,Handgun,,
20250515NYMOS,Other,BB,
20250515PALOP,,,
20250513ILSTC,Handgun,,
20250512NYBRB,Handgun,,
20250509LADOL,Handgun,,
20250509TXGLS,Handgun,,
20250507SCHOM,Handgun,,
20250507CALOO,,,
20250507ILWEC,Handgun,,
20250507MILER,Handgun,,
20250507PAOVP,Handgun,,AR-style pistol with rifle rounds
20250505PAHAA,Handgun,,
20250502CAGER,Handgun,,
20250501NCCAW,Handgun,,
20250501DCPHW,Handgun,,
20250430ILROR,Handgun,,
20250430TXEIH,Handgun,,
20250430TXEIH,Handgun,,
20250430CAWEM,Handgun,,
20250430SCRIC,Handgun,.22 caliber,
20250430MABRT,Handgun,,
20250428MSJIJ,Handgun,,
20250424MSBOM,Rifle,,
20250424MSBOM,Shotgun,,
20250424MSBOM,Handgun,,
20250423MSWAG,Handgun,,
20250422NYJOR,Handgun,,
20250422CACRS,,,
20250418GAPEF,Handgun,Service Weapon,
20250417SCREA,Handgun,,
20250415ILCHC,,,Automatic
20250415TXWID,Handgun,,
20250414CADUT,Multiple Handguns,,2 handguns found outside school
20250414NYJOR,Handgun,,
20250414TXJAF,,,
20250414ILCOC,Handgun,,
20250411OHSTR,Handgun,,
20250409DEASN,Handgun,,
20250410TNOVM,Handgun,,
20250409MDBIW,Handgun,.357 caliber,Magnum revolver
20250409NDWAW,Handgun,,
20250409TXWIH,Handgun,,
20250408WALAL,Handgun,,
20250408LAREN,Handgun,,
20250408WASEA,Handgun,,
20250407VALEF,Handgun,,
20250407MIDED,,,
20250404KSSAS,Handgun,,
20240402UTGRS,Rifle,AR-15,AR-15 with drum magazine
20250402NYVAF,Other,BB,Replica handgun
20250402MSSOE,Other,Pellet,
20250402CACAC,Handgun,,
20250328TXJEFS,Handgun,,
20250327TXPEF,Handgun,,
20250327MIKAK,Handgun,,
20250327NYPSB,Handgun,,
20250324TNKIM,,,
20250321OHFRC,,,
20250321NYMSB,Handgun,,
20250320COAND,Handgun,,
20250319NCCAW,Handgun,,
20250318PASTH,Handgun,,
20250316TXGAG,Handgun,,
20250313GAGLA,Handgun,,
20250311CACAM,Handgun,,
20250311COGLD,Handgun,,
20250310TNROM,Handgun,,
20250307TXHOH,Handgun,,
20250307COBOG,Handgun,,
20250306TNMUM,Handgun,,
20250306NCMAC,Handgun,,
20250304MDLAL,Handgun,,
20250304TXAKA,Handgun,,
20250304ILPEC,Handgun,,
20250226OHSAC,Handgun,,
20250224ILFOS,Handgun,,
20250219DEDOD,Handgun,,
20250218AZJOS,Handgun,,
20250212GAJEM,Handgun,,
20250212GAJEM,Rifle,,
20250211OKCOO,Shotgun,,
20250211TNCAA,Handgun,9mm,
20250211TNCAA,Handgun,.40 caliber,
20250210WAROS,,,
20250207TXBRF,,,
20250207MDWOG,,,
20250206ALCHH,Handgun,,
20250206MIMEO,Handgun,Service Weapon,
20250204NYACB,Handgun,,
20250201TXPAP,Handgun,,
20250131ILDUC,Handgun,,
20250130TNMAM,,,
20250127WAKEK,Handgun,,
20250127INMOS,,,
20250122MDACB,Handgun,,
20250122DCROW,,,
20250122TNANN,Handgun,9mm,
20250116TNNOJ,,,
20250116VAJOH,Handgun,,
20250116TNMIM,Handgun,,
20250115GALIM,Handgun,,
20250114NYNEN,Handgun,9mm,Taurus G2C
20250113CTVEM,Rifle,Airsoft,Replica AR-15
20250109UTSPS,Handgun,,
20250108ORMIP,Handgun,,
20250102NYDRN,Handgun,,
20241231CTCEB,,,
20241228PAGRP,,,
20241217PAPEP,Handgun,,
20241217DCDUW,Handgun,,
20241216NCALC,Handgun,,
20241216WIABM,Multiple Handguns,,
20241214TNBRC,Handgun,,
20241213PAPUC,Handgun,Service Weapon,
20241213OKBLO,Handgun,Service Weapon,SIG Sauer P320
20241213TNEAN,Handgun,,
20241211HIFAH,Handgun,Service Weapon,
20241210DEUNM,Handgun,Service Weapon,
20241210TXCOS,Handgun,Service Weapon,
20241210NCRJW,Handgun,,
20241231PAMIH,Rifle,9mm,Kel-Tec Sub-2000 folding pistol carbine
20241205SDYAY,Handgun,,
20241205NVCAC,Other,,Paintball gun
20241204NYCLB,Handgun,,
20241204CAFEO,Handgun,,Ghost gun
20241204TXSHH,Handgun,,
20241203KSELE,,,
20241126IDORO,Rifle,,
20241126NYHER,Handgun,,
20241125OHWEC,,,
20241125TXPIM,,,
20241122CACAO,Handgun,,
20241122CTJAN,Handgun,,
20241122DCEAW,Handgun,,
20241121FLSAB,Other,,Flare gun
20241119OHCOC,,,
20241119TNCEM,Handgun,,
20241112ALWOB,Handgun,,Switch for automatic fire
20241112GATWA,Handgun,,
20241111MDDUN,Handgun,,
20241109ILHIC,Handgun,,
20241107WIROK,Rifle,Airsoft,Replica AR-15
20241107UTWES,Handgun,,
20241106DESTW,Handgun,Service Weapon,
20241106ILLAC,,,
20241105ORCES,Rifle,,Hunting rifle
20241105FLTYS,Handgun,,
20241104NCPEW,Other,BB,
20241104NYAQR,,,
20241101ILWIC,Handgun,,
20241031OHRIP,Handgun,,
20241030ALFSP,Handgun,,
20241029MSMEM,,,
20241027SCBUB,Handgun,,
20241030SDCHC,,,
20241025LASTS,Handgun,,
20241024KSPHP,Handgun,9mm,
20241024KSPHP,Rifle,AR-15,
20241023MSWEL,Other,BB,
20241022TNCOM,Multiple Unknown,,
20241022OKREN,Handgun,,
20241022SCMCG,Handgun,,
20241022OHEAC,Handgun,,
20241020OHWAC,Handgun,,
20241018ALSOS,Handgun,,
20241018HIHOC,Other,BB,
20241018DEDOD,Handgun,,
20241017LALAL,Handgun,,
20241017ORISP,Handgun,,
20241017KYATL,Handgun,,
20241017NYISB,Handgun,,
20241015ALHUH,Handgun,,
20241015TXWEO,Rifle,9mm,9mm semi auto rifle
20241012WIMIM,Handgun,,
20241011TNOOO,Rifle,,
20241011GADOD,Handgun,,
20241010TXKID,,,
20241010PACOC,Handgun,,
20241010WANOS,Handgun,.45 caliber,
20241009MIMAM,Rifle,AR-15,
20241007NYCHR,Handgun,,
20241007TXPOM,Rifle,,
20241005FLBLP,Handgun,,
20241005INCAI,Handgun,,
20241005COATC,Handgun,,
20241005CASTB,Handgun,,
20241004NCCAW,Handgun,,
20241002LAWEW,Handgun,,
20241002ILEMC,,,
20241001CACES,Handgun,,
20240929KYPLL,Handgun,,
20240927WIWIM,Handgun,,
20240926PAGOB,Handgun,,
20240925DEFRW,Handgun,,
20240925NYINB,Handgun,,
20240924MOCAK,Handgun,,
20240924NYSOB,Handgun,,
20240923TXBUS,Handgun,,
20240923KSCEW,Handgun,,
20240922PAMAP,,,
20240922ILHEC,Handgun,,
20240921GASOA,Handgun,,
20240920LADED,Handgun,.22 caliber,
20240920WVSGM,Shotgun,12 gauge,Remington 870
20240920TXMAM,Handgun,Service Weapon,
20240920OHNON,Handgun,,
20240919GAHAC,Handgun,,
20240917MNWAS,Handgun,,
20240916TNCOM,Handgun,,
20240913GAMAM,Multiple Unknown,,Multiple guns including stolen gun
20240913GAFRA,Handgun,,
20240912MOTUS,Handgun,,
20240912OHTAC,Handgun,,
20240912DCKIW,Handgun,,
20240911GATRT,,Service Weapon,
20240910AZMAP,Handgun,,
20240910SCRIG,Other,Airsoft,Airsoft/BB gun
20240910NEOMO,Handgun,,
20240909TXSOD,Handgun,,
20240906WVMAM,Handgun,,
20240906MDJOJ,Handgun,,
20240904NYANB,Handgun,,
20240904KYCLC,Handgun,,
20240904GAAPW,Rifle,.223 caliber,AR-15
20240903LABEB,Handgun,,AR Pistol
20240903NYFAF,Handgun,,
20240902MDWHP,Handgun,,
20240830MIROR,Handgun,,
20240830NJPAW,Handgun,,
20240830PAWOC,Handgun,,
20240830GARIR,Handgun,,
20240826WIJAJ,Handgun,,
20240826NEWOW,Rifle,,
20240824NYPSB,Handgun,,
20240824NYPSB,Handgun,,
20240824NYPSB,Handgun,,
20240824NYPSB,Handgun,,
20240824ALCJC,Handgun,,
20240824ILGAC,Handgun,,
20240822MOHAL,Handgun,,
20240822TXFRE,Handgun,Service Weapon,
20240820LABAB,Multiple Handguns,,"Handguns, knives, bear spray, body armor"
20240820KSKAT,Other,Pellet,
20240819LABOB,Handgun,,
20240819CANAS,Handgun,,
20240819CADES,Handgun,,
20240819PAOLP,Handgun,,
20240816GAMUC,Handgun,,
20240816CASYS,Handgun,,
20240816GALAA,Handgun,,
20240811VAGAG,Handgun,,
20240809AZDOD,Handgun,,
20240809COCAC,Other,,Replica handgun and real handgun
20240730ORKLK,Handgun,,
20240730OKSOO,Handgun,,
20240727OHWAT,,,
20240726KYGRL,Handgun,,
20240725MSWEF,Handgun,BB,Replica handgun
20240725SCJDA,Handgun,Service Weapon,
20240721TXGWH,Handgun,,
20240718WATAT,Handgun,,
20240717PAEDP,Handgun,,
20240716KYWIL,Handgun,,
20240712MDWIU,Handgun,,
20240709CADEF,Handgun,,
20240709TXGRG,Handgun,,
20240707OHIND,,,
20240701MDCOB,Handgun,,
20240630MNROR,Other,BB,Replica AK-47 BB gun
20240623PAWAP,Handgun,,
20240621SCBRE,Handgun,,
20240619NCLIS,Handgun,,
20240615PADOM,Handgun,9mm,
20240615MDPOO,Handgun,,
20240613MABOB,Handgun,,
20240611SCMIG,Handgun,,
20240611OHSOC,Handgun,,
20240610NEELO,Handgun,,
20240610FLPAL,Handgun,,
20240607CACAC,Handgun,,
20240606MOEAM,Handgun,,
20240606MOEAM,Handgun,,
20240606CAMOM,Handgun,9mm,
20240606WAGAS,Handgun,,
20240604FLCEM,Handgun,,
20240604COMID,Handgun,Service Weapon,
20240603WAKEK,Handgun,,
20240606WAGAS2,Rifle,BB,Replica AR-15 air rifle
20240603ILSAC,Handgun,,
20240603NYPSB,Handgun,,
20240603NYPSB,Handgun,,
20240531MIARS,Handgun,,
20240529WALEE,Handgun,,
20240529NYPSQ,Handgun,,
20240529NYPSQ,Handgun,,
20240528ORROP,Handgun,,
20240525IAROD,Handgun,,
20240525IAROD,Handgun,,
20240524NMGAA,Handgun,,
20240524INHEH,Shotgun,,
20240523MTWHB,Other,,Pellet rifle
20240523OHMAC,Handgun,,
20240523MAKIC,Handgun,,
20240523CASKO,Handgun,,
20240523CASKO,Handgun,,
20240523LAWEH,Handgun,,
20240522FLNOC,Handgun,,
20240522NCPUM,,,
20240521MIALG,Handgun,,
20240519MOCAC,Handgun,,
20240518SCBOB,Handgun,,Handgun and baton
20240518MODEK,Handgun,,
20240518OHWIC,Handgun,,
20240518OHMAC,Handgun,,
20240516OHBUC,Other,Pellet,
20240514INMCI,Handgun,.40 caliber,"Glock 23, high capacity 29 round magazine"
20240512TXMAM,Handgun,,
20240510NCWEH,,,
20240510OHAVA,Other,Pellet,Replica AK-47 pellet rifle
20240510TXHAH,Handgun,,
20240510VARIR,Handgun,,
20240509LACOB,Handgun,,
20240508NMSOA,Handgun,,
20240508FLSTL,Handgun,,
20240504NCPAW,Handgun,,
20240504SCNON,Handgun,,
20240504NEOHO,Handgun,,
20240503MDANA,Handgun,,4 teens with handguns
20240503GADED,Handgun,,Revolver
20240503NVLES,Handgun,,
20240503DCDUD,Handgun,,
20240501DCALW,Other,,Gel pellet
20240501MIFRM,Handgun,,
20240501WIMOM,Other,,Ruger airhawk elite pellet rifle
20240430OHGLC,Handgun,,
20240426WVSCS,Other,Pellet,
20240426TNNON,Handgun,,
20240424CAMIC,Other,Pellet,"Pellet gun used, multiple firearms recovered from home"
20240424ORGRD,Other,Pellet,
20240424TXBOA,Handgun,,
20240423ILNER,Handgun,,
20240423UTGRW,Other,,Pellet gun
20240422MOLEL,Other,,Pellet gun
20240422WAWIW,Handgun,,
20240422FLSUR,Handgun,Service Weapon,
20240421NYISB,Handgun,,
20240419LATIT,Handgun,,
20240418WASHS,Handgun,,
20240416TNDUM,Handgun,,
20240416NCVAC,Handgun,,
20240415LAJEJ,Handgun,,
20240415FLYOJ,Handgun,,
20240415FLYOJ,Handgun,,
20240415PAWEW,Handgun,,
20240413NCIRG,Rifle,,
20240413WIMEM,Handgun,,
20240413MOBLB,Handgun,,
20240412FLCHP,Handgun,,
20240412TXWID,Handgun,.38 caliber,Pink Lady .38 revolver
20240404MOROR,,,
20240403NMLYL,Handgun,,
20240402MACAC,Handgun,Service Weapon,
20240401FLELS,Handgun,,
20240326GATUA,Handgun,,
20240326MOCHC,Handgun,,
20240326NJWEN,Handgun,,Modified for full auto fire
20240325HIWAW,Handgun,,
20240322TNTRM,Handgun,,
20240321NJMAN,Handgun,,
20240321CADIP,Handgun,,
20240320NCPEP,Handgun,,
20240320CONOD,,,
20240320OHBOC,Handgun,,Glock with switch
20240320ILBUC,Handgun,,
20240319DETHW,Handgun,,
20240316TNKEC,Handgun,,
20240314OHLOD,Handgun,,
20240313MDFOG,Handgun,,
20240313WAGAS,Handgun,,
20240313MDWIB,Handgun,,
20240311TXCHT,Handgun,,
20240311MASPS,Handgun,,
20240307NYPSB,Handgun,,
20240305INHAL,Handgun,,
20240304TNBRB,Handgun,,
20240302INROR,Multiple Handguns,,Two loaded handguns in backpack
20240302MONOK,Handgun,,
20240301LACAC,Handgun,,
20240229FLFIJ,Handgun,,
20240228NCWAG,Handgun,,
20240228MEWAW,Handgun,,
20240227DESUG,Handgun,,
20240226TXODO,Handgun,,
20240223WVBLB,Handgun,,
20230222NCROL,Rifle,9mm,sawed off semi-auto rifle
20240221CODED,Handgun,,
20240221TXECE,Handgun,Service Weapon,
20240221AZCAT,,,
20240220TXTRA,Handgun,,
20240220ALPEP,Handgun,,
20240220MISAS,Handgun,,
20240219TXPIM,Handgun,.38 caliber,38 special revolver
20240215FLSHC,Other,BB,Air rifle
20240215FLSHC,Other,Pellet,Air rifle
20240214GABEA,,,
20240213TNRAM,Handgun,,
20240212OHBEB,Handgun,,
20240212IDCOI,,,
20240212IDCOI,,,
20240212CAELC,,,
20240211CAMAB,,,
20240209PACOR,Handgun,,
20240209GATRE,Handgun,,
20240208MDBEB,Handgun,,
20240208TNMEN,Handgun,,
20240207ORWIE,,,
2024207TXKUH,,,
20240206TNNOC,,,
20240205GALUA,Handgun,,
20240202AZLAA,Handgun,,
20240201TNHAN,Handgun,,
20240201GAMCP,Handgun,,
20240131CADUD,Other,Pellet,Gel pellet
20240131ILCHC,Multiple Handguns,,
20240130TNBLM,Handgun,,
20240130TNBLM,Handgun,,
20240130INBEB,Handgun,,
20240130CAGRS,Handgun,,
20240130ALLEM,Handgun,,
20240129TXCOA,Handgun,,
20240129TXCOA,Rifle,AK-47,
20240126ILINC,Handgun,,
20240126ALHUH,Handgun,,
20240124TNWEM,Handgun,,
20240122ILCIC,Rifle,,
20240122ILCIC,Handgun,,
20240118MNCOS,Handgun,,"carrying a handgun on his body, unholstered"
20240117VAWED,Handgun,,
20240117INLIG,Handgun,,
20240117MDCHE,Handgun,,
20240113INLAF,Handgun,,
20240112VABEM,Handgun,,
20240112OKHEO,Handgun,,
20240112OHROD,Handgun,,
20240111FLNOM,Handgun,,
20240111LABOB,Handgun,,
20240110WAWHW,Rifle,,
20240109TXACH,Handgun,,
20240108MSSIS,Handgun,,
20240108CARIR,,,
20240104IAPEP,Handgun,.22 caliber,
20240104IAPEP,Shotgun,,Birdshot load
20240103TNFRM,,,
20240103VAMAM,Handgun,,
20240101LABAM,Rifle,.223 caliber,AR-15
20240101LABAM,Handgun,9mm,
20231226RIEME,Handgun,,
20231220TXEAF,Handgun,,
20231220NJKIN,Handgun,,
20231219TXCYK,Handgun,,
20231218VAORC,Other,BB,
20231218INEGH,Handgun,Service Weapon,SROs gun fired by student
20231208MONOS,Handgun,,
20231215CAPAP,Handgun,,
20231215TNLEN,Handgun,,
20231213MIDED,Handgun,,
20231212MICOK,Handgun,,
20231211NYROQ,Handgun,,
20231208NMATA,Handgun,,
20231208VAWOW,Other,BB,
20231208WIBUW,Handgun,,
20231206INLAL,Handgun,,Glock with switch
20231205NCVAH,,,
20231205TXNOA,Handgun,,
20231202VADRA,Handgun,,
20231201OHBUA,Other,Pellet,Replica rifle loaded with real .223 ammo
20231201OHNOC,Handgun,,
20231201DCKIW,Handgun,,
20231130TXBUH,Handgun,,
20231129OHMAT,Handgun,,
20231128TXNOH,Handgun,,
20231126OHEDD,Handgun,,
20231123OHSOC,Handgun,,
20231119ILURU,Handgun,,
20231117LAACL,Handgun,,
20231116CALAW,Other,Pellet,Replica semi-auto rifle
20231116OHSTC,Handgun,,
2023114ILMAP,,,
20231114MILID,Handgun,,
2023113KYJEL,Other,Pellet,
20231113NJCEN,Handgun,,
20231110CAVAV,Handgun,,
20231109NVLAL,Handgun,,
20231109ALESA,Handgun,,
20231108CTLIN,Handgun,,
20231103INKII,Handgun,,
20231102NCFRM,Multiple Handguns,,
20231102OHWAL,Handgun,,
20231102ALSMS,Handgun,9mm,
20231031NVCOL,Handgun,,
20231030NCRAR,Handgun,,
20231028TXDUS,Handgun,Service Weapon,
20231027LADOD,Handgun,,
20231027MDCAB,Handgun,,
20231027MDCAB,Handgun,,
20231027MIDED,Handgun,,
20231026CALEL,Handgun,Service Weapon,
20231026VTMOM,,,
20231026FLNFJ,Handgun,,
20231024MDEDW,Handgun,,
20231023WIKEG,Handgun,,
20231020FLLIT,Other,Airsoft,Replica AR-15
20231020FLFAT,Handgun,,
20231019WAEVV,Handgun,,
20231019ILMAC,Handgun,,
20231019TXNAA,Handgun,,
20231019CAGRF,Handgun,,
20231018WILUW,Handgun,,
20231015OHEAT,Handgun,,
20231015MOKIK,Handgun,,
20231015TXFRD,Handgun,,
20231013FLBOS,Handgun,,
20231013OHCLC,Handgun,,
20231011CAMAL,Handgun,,
20231011FLMIM,Handgun,,
20231011TXSEF,Handgun,,
20231010MOBAS,Handgun,,
20231010NCTEF,Handgun,,
20231010SCDAD,Handgun,,
20231008ILTHD,Handgun,,
20231006MIOAO,Handgun,,
20231006LATHT,Handgun,,
20231004PAMIE,Handgun,9mm,Glock
20231004COROD,Handgun,,
20231004WAGAS,Handgun,,
20231004GASAS,Handgun,,
20231002CAALL,Handgun,,
20231002AZALP,,,
20230930GAGRG,Handgun,,
20230929AKWAW,Rifle,.30-06,
20230929NCDUG,Handgun,,
20230928MDEDE,Handgun,,
20230928GAROC,Handgun,,Hidden in chromebook case
20230925DCSTW,,,
20230925MDDUB,Handgun,,
20230925MDGIB,Handgun,,
20230923OHMAC,Handgun,,
20230922IAOTO,Handgun,,
20230922KYMAL,Handgun,,
20230922TNWEM,Handgun,,
20230922TNSWS,Handgun,,
20230922WIMIM,Handgun,,
20230920ILVOC,,,
20230919TXKEB,Other,BB,
20230919FLWOP,,,
20230919DCROW,,,
20230918MDDUB,Handgun,,
20230916OHEAC,Handgun,,
20230915ILHIC,Handgun,,
20230915KSWYK,Handgun,,
20230915MDJAB,Handgun,,
20230914ILBOU,Multiple Handguns,,2 glocks with laser sights and drum magazines
20230913GALAA,Handgun,,
20230913DCLIW,Handgun,,
20230912WAEIY,,,
20230912LASTG,Handgun,,
20230911MDDUL,Handgun,,
20230911ARPRN,Handgun,,
20230909NYPRU,Handgun,,
20230908NCLUL,Handgun,,
20230906FLANT,Handgun,,
20230905CASKO,Handgun,,
20230901TNMEM,Handgun,,
20230901MDDUB,Handgun,,
20230901ILMOC,Handgun,,
20230901LAPOP,Handgun,,
20230831KSWEW,Other,Pellet,
20230831MSBRB,Rifle,.22 caliber,
20230831WANOD,Multiple Handguns,,
20230829NVCLL,,,
20230826CAFAF,Handgun,,
20230825MSOBG,Multiple Unknown,,
20230825CADRL,,,
20230825OKBOT,Handgun,,
20230825SCGEG,Handgun,,
20230825OKCHC,Handgun,,
20230824NMRAT,,,
20230824VAWAP,,,
20230824VAKEV,,,
20230824AZPHP,Other,BB,
20230822OKSTS,Handgun,,
20230822TNSTC,Handgun,,
20230822TXJES,Handgun,.25 caliber,
20230818GANOK,Handgun,,
20230818CAETR,Handgun,,
20230818GAJOJ,Handgun,,
20230818MSPAP,Handgun,,
20230818FLFIJ,Handgun,,
20230816GAJOA,Handgun,,
20230813NEWON,Handgun,,
20230812MSSTS,Handgun,,
20230810TNCOM,Handgun,,
20230808ILBOC,,,
20230807WAHIS,Handgun,,
20230731TNMAM,Handgun,,
20230726DCMAW,Handgun,,
20230725TNFRM,,,
20230725NCJUC,Handgun,,
20230724PAJOH,Handgun,,
20230718NYFRB,Handgun,,
20230716GALOH,Handgun,,
20230714NYKIT,Handgun,,
20230714TXJAS,Handgun,,
20230708ALWOB,Handgun,,
20230707MDPIP,Handgun,,
20230706OHHUC,,,
20230702MNUNF,Other,BB,Replica Glock bb gun
20230623NMKEA,Handgun,,
20230622ARSOS,,,
20230613PAJUP,Handgun,,
20230612NJRIM,Handgun,,
20230612GAKEC,Handgun,,
20230609DCTUW,,,
20230607VADRA,Handgun,,
20230607WIMIM,,,
20230606VAHUR,Multiple Handguns,,4 handguns recovered from different people at the scene
20230605MIMIW,Handgun,,
20230605MARID,Other,Pellet,
20230602MAWOW,Handgun,,
20230602MDSAE,Handgun,,
20230601TXCAF,Handgun,,
20230531CABAB,Handgun,,
20230528GABEA,Handgun,,
20230526MIHAH,,,
20230526NYMOM,,,
20230525PASAB,Handgun,,
20230525OHBEC,Handgun,,
20230525CABEM,Handgun,,
20230525MNWAM,Handgun,9mm,Glock with 50 round drum mag
20230524NCJHG,Handgun,,
20230524PAOLP,Handgun,9mm,
20230524NCNOD,Rifle,AK-47,
20230523MIYPY,Handgun,,
20230522MASTD,,Service Weapon,
20230522DCKID,Handgun,,
20230521NJCEN,Handgun,,Ghost gun
20230519AZBOP,Rifle,.223 caliber,AR-15 with extra ammo in backpack and lunchbox 
20230519DEFAD,,,
20230519NYPSS,Handgun,,
20230518CACHW,Multiple Unknown,,
20230518WAGAS,Handgun,,
20230517DCTHW,Handgun,,
20230516NJSCP,Handgun,,
20230516OHEAC,Handgun,,
20230516MNDAM,Multiple Handguns,,
20230515ININI,Multiple Handguns,,"Glock 27, 5.7Ã—28 mm"
20230515ORCRP,Other,,Replica glock handgun
20230515CAPIP,Multiple Rifles,,48 guns seized
20230512OHEDD,Handgun,,
20230512OHEDD,Handgun,,
20230512DCKEW,Handgun,,
20230512TNLEL,Handgun,,
20230511MDNOF,Rifle,,
20230511ILNER,Handgun,,
20230510NYPSQ,Handgun,,
20230509CACAO,Handgun,,
20230508SCSUS,Handgun,,
20230508PAEWP,Handgun,,
20230508NVVOL,,,
20230506SCCOL,Handgun,,
20230505INLIE,Handgun,,
20230503NCJOE,Handgun,,
20230502AZRAM,Handgun,,
20230501MDPRS,Handgun,,
20230501MIINF,Handgun,,
20230430KYPAP,Multiple Handguns,,
20230430CAKNP,Handgun,,
20230428TNWEK,Handgun,,
20230427GACHK,,,
20230427VAGER,Handgun,,
20230426MNLIH,Other,Pellet,
20230426CTJON,Handgun,,
20230425NVCOH,Rifle,,
20230425CAKIL,,,
20230423VAJOD,Handgun,,
20230420ARLIL,Handgun,,
20230419FLFOA,Handgun,,
20230418TXRIH,Handgun,,
20230417LASON,,,
20230414AZDEP,,,
20230414WIWAW,Rifle,,AR-15 with extended magazine
20230414PAWOP,,,
20230413ILCHC,Handgun,,
20230412TXLOH,Handgun,,
20230412CACES,Handgun,,
20230407WACHS,Handgun,,
20230406NCSOW,Handgun,,
20230405WANAS,Handgun,,
20230405OHROC,Handgun,,
20230405SCHOG,,,
20230404TXCHH,Handgun,,"3D printed, ghost gun"
20230404OHWOC,,,
20230403PAFAP,Handgun,,
20230331MSGNJ,,,
20230331CAWOC,,,
20230331DCCAD,Handgun,,
20230331CAJAR,,,
20230330NCFOW,Handgun,,Ghost gun
20230329MDBRO,Handgun,,
20230329GANED,Handgun,,
20230331NCLIR,,,
20230327TNCON,Handgun,,Handgun
20230327TNCON,Rifle,,AR-15 style
20230327TNCON,Handgun,,Submachine pistol
20230324INNOM,Handgun,,
20230323TNHAM,Handgun,,
20230322ALANA,Handgun,,
20230324NJTHM,Handgun,,
20230322PAHAP,Handgun,,
20230322COEAD,Handgun,,
20230321TXTHD,Handgun,,
20230320TXLAA,Shotgun,,
20230319ORFOS,Rifle,,
20230316NCLOD,Handgun,,Extended magazine
20230316DCCOW,Handgun,,
20230316NYPSB,Handgun,,
20230315COINB,Handgun,,
20230315CALIG,Handgun,,
20230315MICEW,,,
20231107CABUB,Other,Pellet,Gel pellet
20230313NYPSN,Handgun,,
20230314NYHAN,Handgun,,
20230314NYMAM,Handgun,,
20230309WIBAM,Handgun,,
20230309OHMAM,Handgun,,
20230308WVHIH,,,
20230308PAHEP,Handgun,,
20230307INTHI,Handgun,,
20230306NYPAN,Handgun,,
20230306TXPAA,,,
20230306MDLEB,Handgun,,
20230306MISTR,Handgun,,
20230306MDPAB,Handgun,,
20230303MTGAL,Other,BB,
20230301ILMAM,Other,Pellet,
20230301GASAS,Handgun,,
20230301ILSAC,Handgun,,
20230301CONOP,,,
20230227CAGAC,,,
20230223OHWOC,Handgun,,
20230222COESE,,Service Weapon,
20230221LARUR,,,
20230217NCERE,Handgun,,
20230217ILCAC,,,
20230216TXGAG,Handgun,,
20230215TXDAH,Handgun,,
20230215OHCOC,Handgun,,
20230215MDWAB,,,
20230213COEMD,Handgun,,
20230214GAMID,Handgun,,
20230214PAWEP,Handgun,,
20230213NYPSS,,,
20230213COEAD,,,
20230213TXDAD,,,
20230210CAHEF,Other,Airsoft,
20230208NYWIB,Handgun,,
20230206ARKIF,Handgun,,
20230206DEAPM,Handgun,,
20230206FLMIM,Handgun,,
20230202UTPAS,Handgun,,
20230202OHRIP,Handgun,,
20230131ILZIZ,Handgun,,Full automatic
20230131OKGEG,Rifle,,
20230130ALHOM,,,
20230130DCCOW,Handgun,,
20230130AZGIY,Handgun,,
20230128MOGLS,Handgun,,
20230127NJHOW,Other,,Flare gun
20230126UTTAT,Handgun,,
20230125OHTOT,,,
20230124MOTHK,,,
20230123TXABA,Other,BB,
20230123IASTD,Handgun,9mm,
20230122WAMOT,,,
20230121FLGLB,Handgun,,
20230120MNWAS,Handgun,,
20230119NYEAB,Handgun,,
20230118NYCAQ,Handgun,,
20230118OKDED,Handgun,,
20230117FLMAB,Other,BB,"Two BB rifles, one BB pistol"
20230111VTSPV,Other,Pellet,
20230111VALAP,,,
20230110UTWES,Other,Pellet,
20230110KYSAS,Handgun,,
20230110DEWIN,Handgun,,Glock
20230110OHJOC,,,
20230110LABON,,,
20230109VAPRW,Other,Pellet,
20230107ORFRP,Handgun,,
20230106MDBEB,Handgun,,
20230106MIOAD,Handgun,,
20230106FLWEA,Handgun,,
20230106VARIN,Handgun,9mm,
20230105OHBEC,Handgun,,
20230105NYFRR,Handgun,,
20230104MITRD,Rifle,,
20221221CTNEN,,,
20221221CAWOW,Handgun,,
20221216ILBEC,Handgun,,
20221214OHLIC,Handgun,,
20221212ORGRP,Handgun,,
20221210TNBRC,,,
20221209PAMEP,,,
20221208NCFUG,Handgun,,
20221208NCFUG,Handgun,,
20221208MDSUD,Handgun,,
20221206ALLEM,,,
20221206MOCOS,Handgun,,
20221206INSUW,,,
20221206ILMIC,Handgun,,
20221206MDHAH,Other,BB,
20221205TNFRM,Handgun,,
20221203WISOM,Handgun,,
20221202DEDEW,,,
20221121MIHED,Multiple Handguns,,
20221122MISTS,Rifle,,
20221118NYROS,,,
20221118DCJAW,Handgun,,
20221117CAEAL,Handgun,,
20221117INSOC,Handgun,Service Weapon,
20221116ORMCM,,,
20221116NCLUL,Handgun,,
20221115TNMAN,Handgun,,
20221115LABAB,Multiple Handguns,,
20221112FLJOO,Handgun,,
20221111MSRAR,Handgun,,
20221109KYCAC,Handgun,9mm,
20221106VAHUH,Handgun,,
20221105TXDAF,Handgun,Service Weapon,Live round during training
20221104KYVAL,Handgun,,
20221103GASHS,,,
20221102DCMCW,Handgun,,
20221029TXAVA,Handgun,,
20221029COCRH,Handgun,,
20221028TXROR,Handgun,,
20221028NCWAT,Handgun,,
20221028ARROR,Other,Pellet,Pellet or BB gun
20221026TXUTU,Handgun,,
20221026ILMIW,Handgun,,
20221025PAPAP,Handgun,,
20221025NYTOS,Handgun,,
20221024MOCES,Rifle,.223 caliber,"AR-style rifle, 600 rounds of ammo"
20221022OHDUC,,,
20221022ILCHC,,,
20221021OHSHS,Handgun,Service Weapon,
20221021CAGRS,Handgun,,
20221020COCAD,Other,BB,
20221020PAPAP,Handgun,,
20221019TNROR,,,
20221018NVSUL,,,
20221018ORJEP,,,
20221017CAWIS,Other,Pellet,Paintball gun
20221017FLORT,Handgun,,
20221016VAFAR,,,
20221014LAJHA,Handgun,,
20220908LAJHA,Handgun,,
20221014NCJAG,Rifle,,AR-15
20221014NCJAG,Handgun,,
20221014VAWER,Handgun,,
20221014LABOB,Handgun,,
20221014TNRIM,Handgun,,
20221013NYSCB,Multiple Handguns,,
20221013TXJOD,Handgun,,
20221012NCCAC,Handgun,,
20221011ORREP,Handgun,,
20221011KSSAS,Handgun,,
20221010WIJAM,Handgun,,
20221009MAWAA,Handgun,,
20221008MOJCK,Handgun,,
20221007MIBAB,Handgun,,
20221007NCJHG,Handgun,,
20221007AZCAP,Handgun,,
20221007OHWHT,Handgun,,
20221006OHMAC,Handgun,,
20221004MAJB,Handgun,,
20221004NCPIS,,,
20221003MIOXO,Handgun,,
20221001CACOO,Handgun,,
20220930OKMCT,Handgun,,
20220930NYNEN,Handgun,,
20220928LASEB,Handgun,,
20220928CARUO,Handgun,,
20220927PAROP,Multiple Unknown,,
20220927TXHGD,,,
20220926GAVAV,Handgun,,
20220923CANOC,Handgun,,
20220923WIROM,Handgun,,
20220923PAWEP,Handgun,,
20220923DEAPM,Handgun,,
20220923MNRIM,Handgun,,
20220922AZMOP,Handgun,,
20220921INJAS,Handgun,,Serial number removed
20220920NYINB,Handgun,,
20220919FLTRS,Handgun,Service Weapon,
20220919LALAN,,,
20220917GAJOA,Handgun,,
20220916GALAA,Multiple Handguns,,
20220916NYPSN,Other,Pellet,
20220914PACON,Other,BB,
20220913UTBOB,Handgun,,
20220913MIJAJ,,,
20220913MDOXO,,,
20220913CAVAV,Handgun,,
20220909WIWIR,Handgun,,
20220909WIMIM,,,
20220907OHBEB,,,
20220907MDCAB,Handgun,,
20220907WIBAM,Handgun,,Fully auto
20220907WIBAM,Rifle,,Fully auto
20220906IANOS,Other,Pellet,
20220904FLBOL,Handgun,,
20220902INJEL,Handgun,,
20220902MDMEB,Handgun,,
20220831DCIDW,Handgun,,
20220831NMDEA,Handgun,,
20220831PAFRP,Handgun,,
20220831PAFRP,Rifle,,Semi auto rifle
20220829CAMAO,Handgun,,
20220827MONOS,Handgun,,
20220826OHGAC,Handgun,,
20220823OHINC,Other,BB,
20220823OHART,Handgun,,
20220819LAAKN,Handgun,,
20220819OHGRG,Handgun,10mm,Glock modified for full auto
20220819TNWEC,,,
20220818FLLER,Handgun,,
20220816TXPOB,Handgun,,
20220815CALIS,Handgun,,
20220813ARMAL,,,
20220812MISUG,Handgun,9mm,
20220812CASIV,Handgun,,
20220811GAUCB,,,
20220810GAMCA,Multiple Handguns,,
20220809PACHP,Handgun,,
20220805MATHL,Handgun,,
20220805GAJOJ,Handgun,,
20220803PALEP,Handgun,,
20220731CAOAO,Handgun,,
20220730NYRHH,,,
20220729INCOS,Handgun,,
20220728KSMOG,Handgun,,
20220726PALAL,,,
20220726TXCOC,Handgun,,
20220725NYBRB,Handgun,,
20220720CAJOV,Handgun,,
20220716NYCLS,Handgun,,
20220716GAAPF,Handgun,,
20220629CABUA,,,
20220620ILGRC,,,
20220613WAMAE,Handgun,,
20220610ALBYB,Handgun,,
20220609ALWAG,Handgun,Service Weapon,
20220608ARLIL,,,
20220607MIPED,Handgun,,
20220605INWEG,Handgun,,
20220601CAULL,Handgun,,
20220531LAMON,Handgun,,
20220530CAHEL,Handgun,,
20220529ILDAC,Rifle,,
20220529ILDAC,Handgun,,
20220526TXDUA,Handgun,,
20220526SCMEG,,,
20220525ILSTC,,,
20220524WIRIM,Handgun,,
20220524TXROU,Multiple Rifles,,
20220524DCPOW,Handgun,,
20220523PASIP,Handgun,,
20220520VAPOD,Handgun,,
20220520TNEAC,,,
20220520OHCAC,Other,airsoft,
20220520ILSOP,Handgun,,
20220520ALMAT,,,
20220519VAGER,,,
20220519MIEAK,,,
20220519LAHAH,Handgun,,
20220518TNRIM,Handgun,,
20220518FLPAP,Handgun,,
20220517ILWAC,Handgun,,
20220517CASAS,,,
20220516TXMEM,Handgun,,
20220515NHBEB,Other,airsoft,
20220515ILMEP,Handgun,9mm,
20220513GASOM,,,
20220513FLALW,Handgun,Service Weapon,
20220512TXHEH,,,
20220512ARHOH,Handgun,,
20220511FLJAJ,,,
20220509NYEDS,Handgun,,
20220509GARIS,Handgun,,
20220505OHLOL,Handgun,,
20220505ALDOD,Other,BB,
20220503CAARS,,,
20220501VALOM,Handgun,,
20220501OHHAC,Handgun,,
20220430PAMCJ,Handgun,,
20220427TXMOS,Handgun,Service Weapon,
20220427INCOS,Other,BB,
20220426MIASI,Handgun,,
20220426GASOM,Handgun,,
20220426GASOM,Other,Pellet,
20220425WIWIM,Multiple Handguns,,
20220424MOHAF,Handgun,,
20220422ORHOS,Handgun,,
20220422DCEDW,Multiple Rifles,,Fully automatic AR-15 style rifles
20220422DCEDW,Multiple Handguns,,
20220422CAMOR,Rifle,,
20220421NDMOM,Handgun,Service Weapon,
20220416IAMED,Handgun,,
20220415VAGAW,Handgun,,
20220414MSNEP,Other,Pellet,2 high-powered Gamo pellet rifles and 1 CO2 BB gun
20220413MISHS,Other,BB,
20220411ARPIP,Handgun,,
20220410MALYL,Handgun,,
20220406WVRIR,Handgun,.22 caliber,
20220406WASTM,Other,Pellet,
20220406ORROP,Handgun,,
20220405PAERE,Handgun,9mm,
20220403INBLB,Multiple Handguns,,
20220331PAACP,Handgun,,
20220330GABOA,Handgun,,
20220330AZKIK,Handgun,,
20220329VALUR,Handgun,,
20220329NVWEL,Handgun,Service Weapon,
20220328TXNOF,Handgun,,
20220328NCOAC,Handgun,,
20220325UTHIS,Handgun,,
20220325UTHIS,Other,Pellet,Gel pellet gun
20220325TXROR,Other,Pellet,Multiple gel pellet guns
20220325TNBRM,Handgun,,
20220324VARIW,Multiple Rifles,,Rifle and shotgun
20220322VAJAR,Handgun,,
20220322TXWOD,Handgun,,
20220322FLNEN,Other,Pellet,Gel pellet gun
20220321MSLEP,,,
20220321MIMAK,Handgun,9mm,
20220321AZDES,Handgun,,
20220319ALCEL,Handgun,,
20220318RICEP,Other,Pellet,Gel pellet gun
20220318ILBAB,Other,Pellet,Gel pellet gun
20220317AKREW,Handgun,,
20220316CALOR,Handgun,,
20220315WAEIY,Multiple Handguns,,
20220315MDPAB,Handgun,,
20220315MATEB,Multiple Handguns,,9mm glock handgun and .22 handgun with laser sight
20220315GAFOF,Handgun,,
20220314CAKRP,Handgun,,
20220313PANEP,,,
20220313PANEP,,,
20220311WIJER,Handgun,,
20220311OHMAM,,,
20220311OHFAP,Handgun,,
20220311CADER,Handgun,,
20220310TNHAM,Handgun,,
20220310MDCOL,Handgun,,
20220310COROH,Other,,Water pellet gun
20220309TXNOH,Handgun,,
20220309NMESE,Other,,Paintball gun
20220309FLNOM,Handgun,,Glock with extended magazine
20220309FLNOM,Rifle,,Springfield AR style rifle with fully automatic firing
20220307IAEAD,Multiple Handguns,,6 handguns recovered from suspects
20220304KSOLO,Handgun,,
20220303MIJWL,Handgun,,
20220228NYBOB,Handgun,,
20220227DCDUW,Handgun,,
20220225NMWEA,Handgun,,"Replica glock ""ghost gun"" purchased online"
20220225ALSOH,Handgun,,
20220223VAWOW,Handgun,,
20220222TXALH,Handgun,,
20220222COLIP,Handgun,Service Weapon,
20220221MDJOH,Handgun,,
20220220OKWIW,Handgun,,
20220220MSMCM,,,
20220219VACAC,,,
20220218MATET,Other,Pellet,Gel pellet
20220217WAMCG,Handgun,,
20220214FLLAL,Handgun,,
20220211DCEAW,Handgun,,
20220209NYMCB,Handgun,,
20220209MNMIM,,,
20220208NYMOM,Handgun,,
20220208MDCAC,Handgun,,
20220204GASOD,Handgun,,
20220204ALWEB,Handgun,,
20220203NCSPS,,,
20220202KYLOR,,,
20220201WIRUM,Handgun,,
20220201WIRUM,Handgun,,
20220201MNSOR,,,
20220201ILALC,Handgun,,
20220129WIBEB,Handgun,,
20220128LACAM,Handgun,,
20220127TXMOH,Handgun,,
20220126PABAP,Handgun,,
20220124NVSUL,,,
20220124IDDAD,Rifle,,AR-15
20220121MDMAR,Handgun,9mm,Ghost gun purchased online and assembled by shooter and friend
20220121GAMCA,,,
20220119VAMAP,Handgun,,
20220119VAMAP,Handgun,,
20220119FLSES,Handgun,9mm,
20220119DCANW,Handgun,,
20220117TXPYH,Multiple Handguns,,
20220114MDGAG,Rifle,AR-15,AR-style ghost gun
20220111NMVAA,,,
20220106CAFLS,Handgun,,
20220104ILAUR,Multiple Handguns,,
20220103WACHP,Handgun,.38 caliber,
20220103OHCOC,,,
20211229NCCAS,Handgun,,
20211217TXWOD,Other,,Realistic BB rifle
20211216SCEAC,Handgun,,
20211216NYPSB,Handgun,,
20211214WISOM,Handgun,,
20211214VAMEN,Handgun,,
20211213NCWEC,Handgun,,
20211213FLEAO,Handgun,,
20211212NYSCR,Handgun,,
20211211GAJOG,Handgun,,
20211211FLEDL,Handgun,,
20211210OHCAC,Handgun,,
20211210NCJEC,,,
20211209NYGRN,Handgun,,
20211208MOEWK,Handgun,,
20211208KYSTL,,,
20211207ILHAC,Handgun,,Extended magazine
20211206NYSUS,Handgun,,
20211206CAWIW,Multiple Rifles,,High power rifle
20211203ARBLB,Handgun,,
20211202WAGAS,Handgun,,
20211201TXSAP,Handgun,,
20211130TNHUH,Handgun,,
20211130MIOXO,Handgun,9mm,"Sig Sauer, 3X15 magazines"
20211130CALOL,Other,BB,
20211129ILWER,Handgun,,
20211129AZCHP,Handgun,,
20211126CAWES,Handgun,,
20211125SCCEP,,,
20211124ILTHH,,,
20211123OHCLC,Handgun,,
20211119MDGIB,,,
20211119COHIA,Multiple Handguns,,
20211116NYPSB,Handgun,,
20211116FLJAJ,,,
20211115NYPOP,Handgun,.38 caliber,
Christoper Chaney,Handgun,,
20211110NYITI,,,
20211109NMMEL,Handgun,,
20211108NYTHB,Handgun,,
20211106FLOVO,Handgun,,
20211102NMHIH,Other,BB,C02 BB rifle
20211030PASTM,Handgun,,
20211027SCCAS,Handgun,,
20211026MSCAN,Shotgun,,
20211026ILWIC,Handgun,,
20211022PAPHP,Handgun,,
20211021NYPSB,Handgun,,
20211021GABES,,,
20211018PALIP,Handgun,,
20211017ARROR,Rifle,.223 caliber,6.5 Grendel rifle
20211015CAKEF,Handgun,9mm,
20211015ALWIM,Handgun,,
20211014MEREP,,,
20211013PACHD,Other,Pellet,
20211013ILMCC,,,
20211012OKUNT,Other,Pellet,"Full automatic plastic gel gun, similar to airsoft pellets"
20211012MIELK,Handgun,,
20211012ILWEC,Handgun,.45 caliber,
20211012ARLIL,,,
20211011ORROP,Handgun,,
20211008OKCOC,,,
20211007TXEAW,Rifle,.22 caliber,
20211007PAANP,,,
20211007NCEAD,Handgun,,
20211007DCWAW,Handgun,9mm,Ghost gun
20211006TXTIA,Handgun,,
20211005NDHEH,Handgun,,
20211005NCGAC,Handgun,,
20211004PASCP,Handgun,,
20211004PASCP,Rifle,AR-15,
20211004OHWOT,Handgun,,
20211004ILLAC,Handgun,,
20211001TXYEH,Rifle,,
20211001NJCHC,Handgun,,
20211001NCSEF,Handgun,,
20211001NCNOD,Handgun,,
20211001INBEI,Handgun,,
20210930TNCUM,Handgun,,
20210930MSNEN,Handgun,,
20210929OHSHS,Handgun,,
20210928MESOS,Handgun,,
20210927ILCAC,Other,BB,
20210924VAESE,Handgun,,
20210924TNSTS,Handgun,,
20210924TNSTS,Rifle,,
20210924MDWIB,Handgun,,
20210924ALFAF,,,
20210923IDRIR,Handgun,,
20210922NYSOB,Handgun,,
20210922CTLIN,,,
20210921PAVAP,Handgun,,
20210921OHMIM,Other,BB,
20210921KSEAW,Handgun,,
20210921GAFRA,Handgun,,
20210921FLLAL,Other,BB,
20210920VAHEN,Handgun,,
20210920OHEAC,Multiple Handguns,,
20210920OHEAC,Handgun,,
20210918COWIC,Handgun,,
20210917VAHEH,Handgun,,
20210917TNAUK,Handgun,,
20210917PAWEP,Handgun,,
20210917NCPAW,Handgun,,
20210917GASWS,Handgun,,
20210916WIORM,Handgun,,
20210916UTPRP,Other,airsoft,
20210915VASPS,Other,,Stungun
20210915KYMAL,Handgun,,
20210915ILCEC,Handgun,,
20210914TNLAL,Handgun,,
20210914MOMCH,Multiple Handguns,,
20210913SCEDC,Handgun,,
20210910CONOA,Handgun,,
20210910CASTP,Other,BB,
20210909NCSHE,,,
20210909MITRF,Handgun,,
20210909ILCHC,Handgun,,
20210908MNPRB,Multiple Handguns,,
20210908ILCEC,Handgun,,
20210907TNLAL,Handgun,,
20210907PAHAH,Handgun,,
20210907MAOMG,Other,BB,
20210903NVDEL,Handgun,,
20210903NCJUC,Handgun,,
20210903CAMTH,Handgun,,
20210903CABUB,Handgun,,
20210902NMALA,Multiple Handguns,,
20210902INWEG,Handgun,,
20210902GAWOS,Handgun,,
20210902CASAL,Handgun,,
20210902CASAL,Handgun,,
20210902CASAL,Handgun,,
20210902CASAL,Handgun,,
20210902ARLIL,Handgun,,
20210901NCMTW,Handgun,,
20210901ILFRC,Handgun,,
20210830NJWEN,Handgun,,
20210830NCNEW,Handgun,,
20210830MDNEO,Handgun,,
20210830FLOKW,Other,Pellet,
20210828CASAS,Handgun,,
20210827VAFRW,Handgun,,
20210827KYAPO,Handgun,,
20210827INHAH,Handgun,,
20210826WAAKS,Multiple Handguns,,
20210826OHNOT,Handgun,,
20210826NYHAH,Handgun,,
20210822ILWER,Handgun,,
20210820NEMIO,,,
20210820CACEF,Handgun,,
20210818SCORO,Handgun,,
20210818SCORO,Handgun,,
20210815VAROD,Handgun,,
20210814SCDAH,Other,BB,
20210814ILMAC,,,
20210813NMWAA,Handgun,,
20210813GACAS,Handgun,,
20210812GALIL,Handgun,Service Weapon,
20210812CANOS,Handgun,,
20210811COMAC,,,
20210811CAOAO,Handgun,,
20210810OHEAC,Handgun,,
20210807ORGIP,,,
20210806LASTH,Handgun,,
20210805GACHD,,,
20210727WATYS,Handgun,,
20210721ILTHC,,,
20210719TXCAC,Other,BB,Hydroball gun painted black to look realistic
20210718ARFOL,Handgun,,
20210709KSCAW,Handgun,,
20210708ILBEC,Handgun,,
20210704NYDRR,,,
20210628CASLF,,,
20210624ILABR,,,
20210620CAGRM,Handgun,Service Weapon,
20210614TXEAF,Handgun,,
20210614NCROR,Multiple Handguns,,
20210614NCRJW,Handgun,,
20210614NCRJW,Rifle,.223 caliber,AR-15 style rifle
20210613PAWIP,Handgun,,
20210613PAPAC,,,
20210612MOMCF,Handgun,,
20210610CTHOW,Multiple Handguns,.40 caliber,Glock 23 with illegal high capacity magazine
20210609VAWIR,Handgun,,
20210609TXNOH,Handgun,,
20210608PAMUS,Handgun,,
20210608KSHAK,,,
20210607TXEAF,Handgun,,
20210606VADRA,Multiple Handguns,,
20210601ILLIC,Handgun,,
20210525NJPAP,Rifle,,"High-powered rifle with pistol grip, scope, extended magazine, and other modifications."
20210517TXBRE,Other,BB,
20210517TNAUM,Handgun,,
20210517MDLOC,Multiple Handguns,,"One handgun was ""ghost gun"""
20210514CASAS,Handgun,,
20210511NYPSB,Handgun,,
20210511CAVEL,Other,Pellet,
20210506SCFOC,Rifle,,Military rifle taken from Army Fort
20210506IDRIR,Handgun,,
20210505SCWAW,Handgun,,
20210505MICRC,Handgun,,
20210502ILCHC,Multiple Handguns,,
20210501MNBES,Multiple Handguns,,
20210430INMAI,Handgun,,
20210429NYURB,Multiple Handguns,,
20210429CAVIV,Handgun,,
20210427TNLAM,Handgun,,
20210427DESMS,Handgun,,
20210426MNPLP,Handgun,,
20210420TXHAH,Handgun,,
20210418OHWED,Handgun,,
20210413TNMAC,Handgun,,
20210412TNAUK,,,
20210412CASAS,Rifle,,
20210412CASAS,Handgun,,
20210411INBIH,Handgun,9mm,
20210407ILPEP,Handgun,,Not loaded
20210406ILBAC,Other,BB,Assault rifle replica
20210401OKCLC,Other,BB,
20210401ALSES,Handgun,,
20210327MAPEC,,,
20210326MOCAS,Handgun,,
20210324ORFOS,Handgun,,
20210319WVSPM,Other,BB,
20210318KYGRL,Handgun,,
20210315INMEM,Multiple Handguns,,
20210313TXLEA,Handgun,,
20210311OHCIC,,,
20210309TNSAK,Handgun,,
20210309OHBIC,,,
20210308SCEDC,Handgun,,
20210301ARWAP,Handgun,.38 caliber,
20210226LAGEN,Handgun,,
20210224WAGAY,Handgun,,
20210222CAHOV,,,
20210219ILLIR,,,
20210217TNKNK,,,
20210216NCTHS,Other,Pellet,
20210214MNROM,,,
20210210TXFOF,,,
20210210NJSCP,,,
20210210LASTS,,,
20210208MISCG,,,
20210205MDBEM,,,
20210201MIMUD,Handgun,,
20210127MSHAH,Handgun,,
20210127FLHOH,Other,airsoft,Two replica airsoft handguns
20210121OKLOG,Handgun,,
20210121OHEAC,Handgun,,
20210114MDHIW,,,
20210110ILSOS,,,
20210104NYPEJ,Handgun,,
20201229WAROS,Handgun,,
20201225FLYOP,Handgun,,
20201211VATAY,Handgun,,
20201125KSABG,Handgun,,
20201124NCHEH,Handgun,,
20201117TXWEW,Handgun,,
20201117MTGRG,Other,BB,
20201116TNWIM,Handgun,,
20201113NCLIL,Handgun,9mm,
20201026GARIR,Handgun,.38 caliber,
20201020ARJAP,Handgun,.22 caliber,
20201014WAWAS,Multiple Handguns,,
20201014PABRB,Other,BB,
20201012TXNOD,Handgun,,
20201012MNSHS,Shotgun,,
20201009FLJEJ,Handgun,,
20201005OKSOM,Other,airsoft,
20201005ARKIH,Handgun,,
20201002PAMAE,Other,BB,
20200925ILROR,Handgun,,
20200924ILMCS,Other,BB,
20200924CAWAC,Multiple Handguns,,
20200924CAWAC,Multiple Rifles,,Gold plated AK-47
20200923PAWIW,Handgun,,
20200923FLHIJ,Other,BB,BB gun
20200921CAPLP,Rifle,,
20200915UTVIB,Shotgun,,
20200915SCYOR,Other,BB,BB gun
20200909PAWEW,Handgun,,
20200830TXLOD,Handgun,,
20200825MOWEC,Handgun,,
20200817MIABG,Handgun,,
20200804PAKEP,Handgun,,
20200729ILCOC,Handgun,,
20200727AZCAO,Handgun,,
20200721SCBRO,Handgun,,
20200714MIWID,Handgun,Unknown,
20200704INLAM,Handgun,Unknown,
20200701ILFRP,Handgun,Unknown,
20200630OHLAW,Rifle,.223 caliber,AK-47 style rifle
20200616FLTOM,Multiple Unknown,,
20200603IAGAD,No Data,,
20200527OHLUC,Handgun,Unknown,
20200525ALORM,Handgun,Unknown,
20200522OHMIC,No Data,,
20200519VAWEM,Handgun,Unknown,
20200515NCSTC,Handgun,Unknown,
20200505CAGOV,No Data,,
20200419NCABR,Handgun,,Glock 19 semi-automatic pistol
20200413NEMOO,Handgun,Unknown,
20200330GANAS,Handgun,Unknown,
20200324LAROM,Handgun,Unknown,
20200318LABOS,Handgun,Unknown,
20200315TXATH,Handgun,Unknown,
20200313TNPIR,Handgun,Unknown,
20200310PASHN,Multiple Unknown,.22 caliber,
20200305FLSAW,Handgun,Unknown,
20200302TXNOF,Handgun,Unknown,
20200227FLJET,Handgun,,Sig Sauer P320
20200221NMCEA,Unknown,,
20200215DCDUW,Unknown,,
20200212MOJOF,Handgun,Unknown,
20200205NHSEC,Handgun,.38 caliber,
20200204LABEA,Rifle,5.56mm,
20200203FLGEJ,Handgun,Unknown,
20200201TXHIH,Handgun,Unknown,
20200131CADEA,Handgun,Unknown,
20200128TXLUL,Handgun,.357 caliber,
20200128TNWHM,Handgun,Unknown,
20200128NYMAQ,Handgun,Unknown,
20200127WAROY,Handgun,.22 caliber,
20200123CAOXO,Handgun,Unknown,
20200121NEPAL,Other,BB,
20200121ILLIC,Handgun,Unknown,
20200119TXNOF,Multiple Handguns,Unknown,
20200117SCCAS,No Data,,
20200117MITHH,Handgun,Unknown,
20200114TXPOM,Handgun,Unknown,
20200114TXBEH,Handgun,Unknown,
20200111TXELD,Handgun,Unknown,
20200110MSMCJ,Other,BB,
20200108FLGLB,Handgun,Unknown,
20200107WASOK,Other,BB,
20191228MOMAS,No Data,,
20191221LAWES,Handgun,Unknown,
20191219FLLEN,No Data,,
20191216CTCAN,Handgun,Unknown,
20191213VAMAN,Handgun,Unknown,
20191211KSCHT,Other,BB,
20191211INEVE,Other,BB,
20191210NJSAJ,Multiple Unknown,Unknown,
20191210KSJCK,No Data,,
20191210ALDED,Handgun,Unknown,
20191204NMPIL,Handgun,Service Weapon,
20191203WITHM,Other,BB,
20191203WIOSO,Handgun,Service Weapon,
20191202WIWAW,Handgun,Unknown,
20191201ALMOM,Handgun,Unknown,
20191126WASAV,Handgun,Unknown,
20191125ILCAC,Handgun,Unknown,
20191124CASEU,Multiple Unknown,Unknown,
20191121ILRIO,Other,Pellet,
20191115NJPLP,Handgun,Unknown,
20191114CASAS,Handgun,.45 caliber,
20191113CAESL,Unknown,Service Weapon,
20191111MDACB,Handgun,Unknown,
20191108TXROD,No Data,,
20191108CAEDS,No Data,,
20191029NYNEN,Handgun,Unknown,
20191027MDLAL,Handgun,Unknown,
20191022CARIS,Handgun,Unknown,
20191018OHWOT,No Data,,
20191018GACRS,Handgun,Unknown,
20191015LAGEN,Handgun,Unknown,
20191011LARAR,Handgun,Unknown,
20191009MAGRL,Other,BB,
20191008TXWEH,No Data,,
20191008COSHS,Handgun,Unknown,
20191002GASOA,Handgun,Unknown,
20190927NCZEC,Handgun,Unknown,
20190927CADER,Multiple Handguns,,
20190920PASIP,Handgun,Unknown,
20190918MNFOC,Handgun,,Illegally carried by felon
20190916VAPHH,Handgun,Unknown,
20190916ILILK,No Data,,
20190914TXEAF,Handgun,Unknown,
20190913VAETN,Handgun,Unknown,
20190913UTGRW,Handgun,Unknown,
20190912KSMAM,No Data,,
20190910SCSOA,Handgun,Unknown,
20190906PAWEM,No Data,,
20190906PAMCJ,Handgun,Unknown,
20190906ALCEC,No Data,,
20190902MDNOB,No Data,,
20190830OHCET,Handgun,Unknown,
20190830NCKIK,Handgun,Unknown,
20190830ALLAM,Handgun,Unknown,
20190827NYROR,Handgun,Unknown,
20190827CAHOL,No Data,,
20190824PAWIP,Handgun,Unknown,
20190823MOROS,No Data,,
20190823MOPAS,Handgun,Unknown,
20190823GAPEC,No Data,,
20190820PASAC,Handgun,Service Weapon,
20190817GALAA,Handgun,Unknown,
20190815TNEAN,Handgun,9mm,
20190809NJWEN,Handgun,,
20190808ALBLM,Handgun,Unknown,
20190719CAMOS,Other,BB,
20190711CTBUH,No Data,,
20190702AKWIA,Handgun,Unknown,
20190701NYSCN,Handgun,Unknown,
20190629COJAC,Handgun,Unknown,
20190621MICAF,Handgun,Unknown,
20190613NJTAW,Handgun,.45 caliber,
20190612PAJEE,Handgun,Unknown,
20190612DCHEW,Handgun,Unknown,
20190610ILMEW,Handgun,Unknown,
20190606ILGEC,Handgun,Unknown,
20190530DCHEW,Handgun,Unknown,
20190522OHSAC,Handgun,,
20190517ORPAP,Shotgun,Unknown,
20190517FLTEJ,Handgun,Unknown,
20190508ILSEC,Handgun,Unknown,
20190507COSTH,Multiple Handguns,Unknown,
20190430VACDW,Handgun,Unknown,
20190430FLWEW,Handgun,Service Weapon,
20190426GACRF,Handgun,Unknown,
20190425GAWYS,Handgun,BB,
20190424ARCOC,Handgun,Unknown,
20190417ILWAL,Handgun,Unknown,
20190410TXROH,Multiple Unknown,Unknown,
20190407MAHOL,No Data,,
20190405WISTM,Handgun,Unknown,
20190403FLSAJ,No Data,,
20190403COAUA,Handgun,Unknown,
20190401ARPRP,Handgun,Unknown,
20190327MSSVH,Handgun,Unknown,
20190327FLMAJ,Other,BB,
20190322ALBLB,Handgun,Unknown,
20190313FLLAO,Handgun,Unknown,
20190301KSHIM,Handgun,Unknown,
20190226ALROM,Handgun,Unknown,
20190217COEAA,Handgun,Unknown,
20190214NMVR,Handgun,Unknown,
20190212MOCEK,Handgun,Unknown,
20190208MDFRB,Handgun,Unknown,
20190205MNMIM,Handgun,Unknown,
20190131TXATA,Handgun,Unknown,
20190131TNMAM,Other,Pellet,
20190130GAMIL,Handgun,Unknown,
20190127NVRER,Handgun,,Stolen.
20190125TNMAM,Other,BB,
20190125ALDAM,Handgun,Unknown,
20190123LASOS,No Data,,
20190119KSLAO,Shotgun,Unknown,
20190118NCSHD,No Data,,
20190118MOHAS,Handgun,Unknown,
20190118ALCET,Handgun,Unknown,
20190111ORCAE,Handgun,Unknown,
20190107CACEB,No Data,,
20181218DEAIG,Handgun,Unknown,
20181214MOWIK,Handgun,Unknown,
20181213INDER,Handgun,.45 caliber,".223 rifle, .45 handgun"
20181213INDER,Rifle,.223 caliber,".223 rifle, .45 handgun"
20181211KYCAC,Other,Pellet,
20181210NYJEJ,Handgun,Unknown,
20181128PASTP,No Data,,
20181124OHAFC,Handgun,Unknown,
20181122WAMOD,Handgun,Unknown,
20181122TXSKD,Handgun,Unknown,
20181121MIPEP,Other,BB,
20181120VASIP,Handgun,Unknown,
20181112MDEAE,Handgun,Service Weapon,
20181109GAGAM,Handgun,Unknown,
20181108CACLS,No Data,,
20181105SCACC,Other,BB,
20181104KYCRL,Handgun,Unknown,
20181029NCBUM,Handgun,Unknown,
20181026FLSAO,Handgun,,
20181025MICOD,No Data,,
20181023NHGOM,Other,Pellet,
20181022CTDUB,Handgun,Unknown,
20181020GASHS,Handgun,Unknown,
20181013TNMCN,No Data,,
20181012MIBAB,No Data,,
20181007VAVAH,Handgun,Unknown,
20181005VALAN,Handgun,Unknown,
20181005TNHAB,Handgun,Unknown,
20181004ORJAP,Handgun,Unknown,
20181003AKDEA,Handgun,Unknown,
20181002ARCHL,Handgun,Unknown,
20180928SDCHC,Handgun,Unknown,
20180927TXHEC,Handgun,Unknown,
20180926MDMAB,Handgun,Unknown,
20180924PACEP,Handgun,Unknown,
20180924NCLAC,Handgun,Unknown,
20180924GAAPB,Handgun,Unknown,
20180920CAPOP,No Data,,
20180920CACHL,Handgun,Unknown,
20180917ALBLH,Handgun,Unknown,
20180914WAMAE,Handgun,Unknown,
20180914FLBOB,Handgun,Unknown,
20180911NVCAL,Handgun,Unknown,
20180910TNFAM,No Data,,
20180910ILCHC,Handgun,Unknown,
20180909CAGIG,Handgun,Unknown,
20180907IAHED,No Data,,
20180905RIPRP,Handgun,.357 caliber,
20180903NYLUN,Handgun,Unknown,
20180831IANOE,Handgun,.22 caliber,
20180831CABAS,Handgun,Unknown,
20180830NCVIC,Handgun,Unknown,
20180830MIOTG,,,
20180829DETOD,Unknown,Unknown,
20180828COCOD,Handgun,Unknown,
20180824ILMEC,Multiple Unknown,Unknown,
20180824FLRAJ,Handgun,Unknown,
20180823ALALM,Handgun,Unknown,
20180817FLPAW,Handgun,Unknown,
20180811TNANN,Handgun,Unknown,
20180809NJLAM,No Data,,
20180804MDEDE,No Data,,
20180803IALIO,Handgun,,
20180719WAWEY,No Data,,
20180717WVHUH,Handgun,Unknown,
20180711OHMIM,No Data,,
20180703KSSUO,Handgun,Unknown,
20180701TNRAM,No Data,,
20180625OHFUS,Handgun,Unknown,
20180624MTSEM,Handgun,Unknown,
20180621TXSKD,No Data,,
20180617ORGRP,No Data,,
20180615OHVAB,No Data,,
20180601TXMCM,No Data,,
20180525INNON,Handgun,Unknown,2 handguns
20180525INNON,Handgun,Unknown,2 handguns
20180521GABEG,No Data,,
20180518TXSAS,Handgun,.38 caliber,".38 pistol, shotgun"
20180518TXSAS,Shotgun,Unknown,".38 pistol, shotgun"
20180518GAMOA,Handgun,Unknown,
20180517MOCEK,Handgun,Unknown,
20180516ILDID,Rifle,9mm,
20180511CAHIP,Rifle,Semiautomatic,
20180505MIFOF,Handgun,Unknown,
20180503TNWAW,No Data,,
20180503SDENW,No Data,,
20180425NMHIA,Handgun,,
20180423GABEA,Handgun,Unknown,
20180420FLFOO,Shotgun,Unknown,
20180419MIJAJ,Handgun,Unknown,
20180412MORAR,Handgun,Unknown,
20180409NYGLG,Handgun,BB,
20180329KYJOE,Handgun,Unknown,
20180328MSEUE,Handgun,9mm,
20180320MDGRG,Handgun,9mm,
20180319VADOP,No Data,,
20180316MTBIM,Handgun,Service weapon,
20180313VAGEA,Handgun,Unknown,
20180313CASES,Handgun,.45 caliber,
20180309KYFRL,Handgun,Unknown,
20180307ALHUB,Handgun,Unknown,
20180305MOKIC,No Data,,
20180228GADAD,Handgun,.38 caliber,
20180226WAOAT,Handgun,Unknown,
20180220OHJAM,Rifle,.22 caliber,
20180215FLNOC,Handgun,Service Weapon,
20180214FLMAP,Rifle,AR-15,
20180209TNPEN,Handgun,Unknown,
20180208NYTHN,Handgun,Unknown,
20180205MNHAM,Handgun,Service Weapon,
20180205MDOXO,Handgun,Unknown,
20180201CASAL,Handgun,Unknown,
20180131PALIP,Multiple Unknown,Unknown,3 different firearms discharged
20180126MIDED,No Data,,
20180125ALMUM,Handgun,.38 caliber,
20180123KYMAB,Handgun,9mm,
20180122TXITI,Handgun,.38 caliber,
20180122LANEN,No Data,,
20180116VTMOM,Handgun,Service Weapon,
20180109AZCOS,Handgun,Unknown,
20180105IAFOF,Other,Pellet,
20180104WANES,No Data,,
20171231WAPIM,No Data,,
20171231LAEDA,Multiple Unknown,Unknown,
20171227CALIL,Handgun,Unknown,
20171219MIBEB,Handgun,Unknown,
20171214TXELD,Handgun,Unknown,
20171212TXSAP,No Data,,
20171211NCHIH,Handgun,Unknown,
20171209ILCHC,Handgun,Unknown,
20171207NMAZA,Handgun,9mm,
20171130VASAV,No Data,,
20171129OHBAL,Handgun,Unknown,
20171128CABOS,Shotgun,Unknown,
20171123COMAD,No Data,,
20171117TNNOJ,No Data,,
20171114FLLAM,Handgun,Unknown,
20171114CARAR,Handgun,Unknown,2 Semi-automatic Rifles and 2 handguns
20171114CARAR,Handgun,Unknown,2 Semi-automatic Rifles and 2 handguns
20171114CARAR,Rifle,Semiautomatic,2 Semi-automatic Rifles and 2 handguns
20171114CARAR,Rifle,Semiautomatic,2 Semi-automatic Rifles and 2 handguns
20171110GALAM,Handgun,9mm,
20171109GABEC,Handgun,Unknown,
20171103MIPAL,Handgun,Unknown,
20171027NYPRU,No Data,,
20171020OHSTT,Handgun,Unknown,
20171014NCKEK,Handgun,9mm,
20171012NCCHC,Handgun,Unknown,
20170930PAPUC,Handgun,.38 caliber,
20170929MOLEL,No Data,,
20170929CASUL,Other,BB,
20170928KYSOL,No Data,,
20170920ILMAM,Handgun,.40 caliber,
20170913WAFRR,Handgun,.32 caliber,Handgun and AR15 rifle
20170913WAFRR,Rifle,AR-15,Handgun and AR15 rifle
20170908OHCOC,Handgun,.38 caliber,
20170908ARNON,No Data,,
20170831CAARS,Handgun,Unknown,
20170817GALIL,No Data,,
20170813NYHUH,,,
20170801GABAV,Handgun,Unknown,
20170721UTSPS,Handgun,.38 caliber,
20170719WIHIM,Handgun,Unknown,
20170622SCWIF,Handgun,Unknown,
20170616ILWAC,Handgun,Unknown,
20170526OKMCT,Handgun,Unknown,
20170524NEMCO,No Data,,
20170524ALGRG,Handgun,.22 caliber,
20170523TXKEK,Handgun,.38 caliber,
20170515LAMOL,Handgun,.38 caliber,
20170415ORMEP,Handgun,,
20170415OKBOT,No Data,,
20170410CANOS,Handgun,.357 caliber,
20170405TNRAM,Handgun,,
20170328PALIP,Handgun,Unknown,
20170321CAKIK,Handgun,Unknown,
20170316ALROM,Handgun,.40 caliber,
20170218MNMAM,Handgun,Unknown,
20170206LASCB,Handgun,Unknown,
20170127SCSOA,Handgun,9mm,
20170127ILSCN,Handgun,,
20170120OHWEW,Shotgun,12 gauge,
20170117FLFRE,No Data,,
20170110ALALA,Handgun,Unknown,
20170103INCEE,Multiple Handguns,,3 handguns and extra ammo
20170101DELAH,Handgun,Unknown,
20161216FLSAJ,Other,BB,
20161209NVHUR,Handgun,Service Weapon,
20161209MOBAS,Handgun,Unknown,
20161201UTMUB,Shotgun,12 gauge,
20161117MNCRS,Handgun,.38 caliber,
20161111MIBAA,Handgun,.38 caliber,
20161103COBEB,No Data,,
20161102COGRG,No Data,,
20161025UTUNS,Handgun,Unknown,
20161018CAJUS,Multiple Unknown,Unknown,
20161015GABEA,No Data,,
20161013OHLIC,Multiple Handguns,Unknown,
20161011ALVIM,No Data,,
20161006TXDUF,No Data,,
20160930ILCHC,No Data,,
20160928TNSYP,Handgun,,
20160928SCTOT,Handgun,.40 caliber,
20160927OHELC,Rifle,Unknown,
20160926MSTAJ,Handgun,Unknown,
20160909PASMY,Handgun,Unknown,
20160909IACEC,Handgun,Unknown,
20160908TXALA,Handgun,9mm,
20160907MIDED,No Data,,
20160902OKMCT,Handgun,Unknown,
20160819FLSOM,Handgun,Unknown,
20160817OHWEC,Handgun,Unknown,
20160725MOAVA,Handgun,Unknown,
20160630CAWOH,No Data,,
20160616ILMCC,No Data,,
20160608MAJED,Unknown,Unknown,
20160515KSAUA,Handgun,.38 caliber,
20160513SCSOG,Handgun,Unknown,
20160506IDROT,Handgun,Unknown,
20160506FLOSP,Handgun,Unknown,
20160505MDHIB,Handgun,Unknown,
20160504COEAP,Handgun,Unknown,
20160502TXKID,Handgun,.22 caliber,
20160423WIANA,Rifle,Semiautomatic,
20160315ALHUB,Handgun,Unknown,
20160229OHMAM,Handgun,9mm,
20160226TXPAP,Handgun,Unknown,
20160217PACHC,Handgun,Unknown,
20160217FLROH,Handgun,Unknown,
20160212AZING,Handgun,9mm,
20160209MIMUM,Handgun,Unknown,
20160129PABEP,Handgun,.45 caliber,
20160122INLAI,Handgun,Unknown,
20160120INNOI,Handgun,Unknown,
20160113ARHAB,Handgun,Unknown,
20160112DECED,Handgun,.38 caliber,
20151204KSWEW,Handgun,Unknown,
20151120FLNAM,Handgun,Unknown,
20151111ARSUS,Handgun,Unknown,
20151105GAVEM,Handgun,Service weapon,
20151024TXEDS,No Data,,
20151015TXKAS,Handgun,Unknown,
20150930SDHAH,Handgun,Unknown,
20150922NCCES,Handgun,.45 caliber,
20150911LANOL,No Data,,
20150903ORNEN,No Data,,
20150825GAWSA,Handgun,.38 caliber,
20150823TXWIR,Handgun,.40 caliber,
20150808TXPAP,Handgun,9mm,
20150724TXELC,Handgun,Unknown,
20150705TXCOD,Handgun,Unknown,
20150629TXJOS,Handgun,Service Weapon,
20150627CTSAH,No Data,,
20150623NEFOF,Handgun,Unknown,
20150604NCSOF,Multiple Handguns,Unknown,
20150527FLEVE,Handgun,Unknown,
20150524MISOF,No Data,,
20150521FLDUJ,Handgun,,
20150520TXROR,No Data,Unknown,
20150512FLUNJ,Handgun,Unknown,
20150512AZCOT,Handgun,Unknown,
20150505GACOC,Handgun,Unknown,
20150504OHWIC,No Data,,
20150428MDDRW,Handgun,Unknown,
20150427WANOL,Handgun,.357 caliber,
20150422NVRUL,Handgun,.45 caliber,
20150417TXSES,No Data,,
20150330MOPEU,No Data,,
20150215CATEM,Unknown,Unknown,
20150215ARLAL,No Data,,
20150204MDFRF,Handgun,Unknown,
20150126MNHAR,Handgun,Unknown,
20150122SCROH,Handgun,Unknown,
20150120ALWIM,Handgun,Unknown,
20150116FLVAO,Handgun,.40 caliber,
20150115WIWIM,Handgun,.38 caliber,
20141217MIGOW,Handgun,Unknown,
20141217MEBEW,Handgun,.38 caliber,
20141216PASUP,No Data,,
20141212ORROP,Handgun,Unknown,
20141120FLMIM,Handgun,Unknown,
20141024WAMAM,Handgun,.40 caliber,
20141024GALAA,Handgun,Unknown,
20141021TNAMM,Handgun,Unknown,
20141003GALAF,Handgun,Unknown,
20140930NCALA,Handgun,Unknown,
20140930KYFEL,Handgun,Unknown,
20140925NHWEM,Other,Pellet,
20140919IANOD,Shotgun,Unknown,
20140911UTWET,Handgun,9mm,
20140910FLGRL,Handgun,.40 caliber,
20140909FLSTM,Multiple Unknown,Unknown,2 firearms recovered
20140814VASAN,Shotgun,12 gauge,
20140813MDHEF,No Data,,
20140623MOKEB,Handgun,Unknown,
20140610ORRET,Handgun,Unknown,"AR15, handgun"
20140610ORRET,Rifle,AR-15,"AR15, handgun"
20140521WICLM,Handgun,9mm,
20140514CAJOR,Unknown,Unknown,
20140503WAHOE,No Data,,
20140421UTPRP,Handgun,.22 caliber,
20140421INSTG,No Data,,
20140411MIEAD,Unknown,Unknown,
20140410OHLIC,Handgun,Unknown,
20140409NCDHG,Handgun,.45 caliber,
20140403NJUNN,No Data,,
20140325GABEC,Handgun,Unknown,
20140312FLACM,Handgun,Unknown,
20140307LAMAT,Handgun,Unknown,
20140220MIRAR,Handgun,.45 caliber,
20140211IAGLG,Handgun,,
20140211OHCHL,Handgun,Unknown,
20140210NCSAS,Handgun,9mm,
20140207ORBEB,Rifle,Unknown,
20140131IANOD,Unknown,Unknown,
20140131AZCEP,Unknown,Unknown,
20140128HIPRH,Handgun,Service Weapon,
20140127ILREC,Handgun,Unknown,
20140117PADEP,Handgun,Unknown,
20140115PAKIL,Handgun,Unknown,
20140114NMBER,Shotgun,20 gauge,
20140114LASTB,Handgun,Unknown,
20140113CTHIN,Handgun,Unknown,
20140109TNLIJ,Handgun,Unknown,
20131219CAEDF,Handgun,Unknown,
20131213COARC,Shotgun,12 gauge,
20131204FLWEW,Handgun,Unknown,
20131113PABRP,Handgun,.22 caliber,
20131103GASTL,Unknown,Unknown,
20131101IAALA,Unknown,Unknown,
20131023CANEC,Rifle,Service Weapon,
20131021NVSPS,Handgun,9mm,
20131015TXLAA,Handgun,Unknown,
20131004FLAGP,Unknown,Unknown,
20131002NHWIS,Other,Pellet,
20130928MENEG,Unknown,Unknown,
20130927ILROC,Handgun,Unknown,
20130830NCCAW,Handgun,.38 caliber,
20130823MSNOS,Unknown,Unknown,
20130822TNWEM,Handgun,Unknown,
20130820GAROD,Rifle,AK-47,
20130815TNNOC,Handgun,Unknown,
20130619FLALW,Handgun,Unknown,
20130618NCHIC,Multiple Handguns,Unknown,
20130523FLREH,Handgun,.38 caliber,
20130513ALOSB,Handgun,Unknown,
20130430NMTUT,Rifle,Unknown,
20130429OHLAC,Handgun,.45 caliber,
20130416TXTET,Handgun,Unknown,
20130321MIDAS,Handgun,.40 caliber,
20130227GAGRA,Handgun,.38 caliber,
20130213CAHIS,Handgun,Unknown,
20130201MIMAD,Handgun,Unknown,
20130131GAPRA,Handgun,Unknown,
20130131GAPRA,Handgun,,
20130111MIOSD,Unknown,Unknown,
20130110CATAT,Shotgun,12 gauge,
20130107FLAPF,Unknown,Unknown,
20121214CTSAN,Handgun,10mm,
20121214CTSAN,Handgun,9mm,
20121214CTSAN,Rifle,AR-15,
20121214CTSAN,Shotgun,12 gauge,
20121210TXSPH,Handgun,Unknown,
20121019ILBAC,Unknown,Unknown,
20121012NDFAF,Handgun,Unknown,
20120926OKSTS,Handgun,Unknown,
20120907ILNON,Handgun,.22 caliber,
20120827MDPEP,Shotgun,12 gauge,
20120824GABAH,Handgun,Unknown,
20120816TNHAM,Unknown,Unknown,
20120706RINAP,No Data,,
20120525NCMAC,Handgun,.44 caliber,
20120525AZWEA,Handgun,Unknown,
20120401ARKIR,Handgun,Unknown,
20120315ALLEM,Handgun,Unknown,
20120306FLEPJ,Rifle,AK-47,
20120227OHCHC,Handgun,.22 caliber,
20120222WAARB,Handgun,.45 caliber,
20120210NHWAW,Shotgun,20 gauge,
20120110TXNOH,Handgun,Unknown,
20120104TXCUB,Handgun,Airsoft,
20111228MINOF,Handgun,Unknown,
20111212TXHAE,Rifle,.308 caliber,
20111024NCCAF,Rifle,.22 caliber,
20110930ORWIP,Handgun,.22 caliber,.22 pistol and double barreled shotgun
20110930ORWIP,Shotgun,Double-barreled,.22 pistol and double barreled shotgun
20110930NCGAC,Handgun,Unknown,
20110923WAISS,Rifle,Unknown,
20110523HIHIP,Handgun,.45 caliber,
20110517WAHOE,Handgun,Unknown,
20110419TXBEH,Handgun,.38 caliber,
20110413FLSHA,Handgun,Unknown,
20110330TXWOH,Handgun,Unknown,
20110325INMAM,Handgun,9mm,
20110202CALOP,Handgun,.357 caliber,
20110118CAGAL,Handgun,Unknown,
20110105NEMIO,Handgun,.40 caliber,
20110104INCRC,Other,BB,
20101206COAUA,Handgun,Unknown,
20101129WIMAM,Handgun,Unknown,
20101023KSTOT,Handgun,Unknown,
20101008CAKEC,Handgun,.357 caliber,
20101001CAALS,No Data,,
20100921SCSOC,Handgun,Unknown,
20100908MIMUD,No Data,,
20100830TNSUB,Handgun,.38 caliber,
20100518CASOS,Handgun,Unknown,
20100428VAWOP,Handgun,Unknown,
20100226WABIT,No Data,,
20100223CODEL,Rifle,.30-06,
20100210TNINK,Handgun,Unknown,
20100205ALDIM,Handgun,.22 caliber,
20100120ALLIL,No Data,,
20091211LABOS,Handgun,Unknown,
20091106PAHAW,Handgun,.22 caliber,
20091030CAWIL,Shotgun,.25 caliber,
20091016SCCAC,Handgun,Service Weapon,
20091008NYMAM,Rifle,.22 caliber,
20090916VAVIG,Handgun,.40 caliber,
20090911MIOWO,,,
20090908CTSTS,Handgun,.22 caliber,
20090827NCWEF,Handgun,Unknown,
20090624IAAPP,Handgun,.22 caliber,
20090615CAINS,Handgun,Unknown,
20090518LALAL,Handgun,.25 caliber,
20090505NYCAC,Shotgun,Unknown,
20090501WISHS,No Data,,
20090413CALOL,Handgun,Unknown,
20090311TXCYH,Handgun,Unknown,
20090310FLRIJ,Handgun,Unknown,
20090306NCWEF,No Data,,
20090302SDROS,Other,Pellet,
20090223CTBRN,Handgun,Unknown,
20090220CAJOH,Shotgun,Unknown,
20090217MICED,Handgun,Unknown,
20090211NCSCZ,Handgun,.22 caliber,
20090210CABAE,Handgun,.22 caliber,
20090127NCCLC,Handgun,Unknown,
20090123ILCAC,Handgun,Unknown,
20090120PAEAE,Handgun,Unknown,
20090120MIBEM,Multiple Handguns,Unknown,
20090120ILCOC,Handgun,Unknown,
20090114ILPEC,No Data,,
20090109ILDUC,Handgun,Unknown,
20090108DEWIN,Handgun,Service Weapon,
20081231OKKEN,No Data,,
20081231GASHS,Shotgun,Unknown,
20081227PAWIP,No Data,,
20081222FLLAL,Handgun,Unknown,
20081221SCSUS,Handgun,Unknown,
20081212NYWIM,Handgun,9mm,
20081212NCGUA,Handgun,9mm,
20081205MNSHF,Handgun,Unknown,
20081202CAKIK,Handgun,.22 caliber,
20081130CAOAG,Handgun,Unknown,
20081125TXNOH,No Data,,
20081118CACOO,Handgun,Unknown,
20081118CACEC,Handgun,Unknown,
20081115UTDES,Handgun,.38 caliber,
20081115COTHL,Handgun,Unknown,
20081112FLDIF,Handgun,.22 caliber,
20081103CAELO,Other,BB,
20081103CABEB,Handgun,Unknown,
20081031MESTS,No Data,,
20081029CAELG,Other,Pellet,
20081023ALPRP,Handgun,Unknown,
20081020CAVAA,Handgun,Unknown,
20081016MIHED,No Data,,
20080919CAGEA,No Data,,
20080915CAMIS,Handgun,.38 caliber,
20080902OHSOW,Handgun,.45 caliber,
20080821TNCEK,Handgun,.22 caliber,
20080814WALAF,Handgun,Unknown,
20080811WAWAK,Handgun,.25 caliber,
20080516LAMAT,No Data,,
20080416CAROF,Handgun,Service Weapon,
20080306ALDAM,Handgun,.38 caliber,
20080214CAEOO,Handgun,.22 caliber,
20080211TNMIM,Handgun,.22 caliber,
20080207OHNOP,Handgun,,
20080204TNHAM,Handgun,.38 caliber,
20071221CABAU,No Data,,
20071126NYHOH,Handgun,Unknown,
20071105LAJOR,Handgun,Unknown,
20071024TNMAM,Handgun,Unknown,
20071010OHSUC,Multiple Handguns,Unknown,
20071001CTPLM,Other,BB,
20070930AZSSP,No Data,,
20070928CALAO,Handgun,.22 caliber,
20070804NJMON,Handgun,.357 caliber,
20070709ILCAC,No Data,,
20070628TXDAD,Handgun,Unknown,
20070617SCBRB,Handgun,Unknown,
20070531NCNOG,Other,Pellet,
20070530NCVAG,Other,Pellet,
20070523RIOAC,Other,BB,
20070515TXLIL,Handgun,.38 caliber,
20070512TXWEM,Shotgun,Unknown,
20070510MIHED,No Data,,
20070504TXTIE,Handgun,.38 caliber,
20070503OHGED,Other,Pellet,
20070418NCNOH,Handgun,Unknown,
20070411ORSPG,Rifle,.27 caliber,
20070410ILCHC,Handgun,Unknown,
20070329SCMYM,Handgun,Unknown,
20070327CTSAH,Handgun,Unknown,
20070323FLUNO,Other,Unknown,
20070308TNEAC,Handgun,Unknown,
20070307TXGRG,No Data,,
20070307MIHEM,Handgun,.44 caliber,
20070307CACEC,Handgun,Unknown,
20070227GACLA,Other,Airsoft,
20070226CASLA,Other,Airsoft,
20070208TXSTP,Other,BB,
20070208ORCRP,Handgun,Unknown,
20070207FLPAJ,Handgun,Unknown,
20070131ILHIC,Handgun,Unknown,
20070124TNHAS,Handgun,.25 caliber,
20070118PAWIP,Handgun,Unknown,
20070109NVWEL,Handgun,Unknown,
20070109CAGRV,No Data,,
20070108OHROC,Multiple Handguns,Unknown,
20070104MINOD,No Data,,
20070103WAHET,Handgun,9mm,
20070102NCWEF,Handgun,Unknown,
20061214PAMCC,Rifle,.22 caliber,
20061213PABAB,Other,Pellet,
20061212PASPS,Rifle,AK-47,
20061211ILCLC,Handgun,Unknown,
20061207NENOO,Handgun,Unknown,
20061201NCJOT,Handgun,9mm,
20061122GASAA,Handgun,Unknown,
20061111CALIO,Handgun,Unknown,
20061031TNHAK,Handgun,.22 caliber,
20061017TXSEK,No Data,,
20061012MDGRB,Handgun,.22 caliber,
20061010NYPOP,Other,BB,
20061009MOMEJ,Rifle,7.26mm,
20051007TXTUD,Handgun,,
20061002PAWEN,Multiple Unknown,Unknown,
20060929WIWEC,Multiple Unknown,Unknown,
20060927COPLB,Multiple Handguns,Unknown,
20060921DCCAW,Handgun,Unknown,
20060913MOWEC,Handgun,Service Weapon,
20060908TXSOF,Handgun,Service Weapon,
20060905TNKIM,Handgun,Unknown,
20060831ALOXO,Handgun,Unknown,
20060830NCORH,Multiple Unknown,Unknown,
20060829DCANW,Handgun,Unknown,
20060824VTESE,Handgun,.45 caliber,
20060821INCAN,Handgun,Unknown,
20060820GALYH,Handgun,Unknown,
20060819OHSOY,Handgun,9mm,
20060817TXMEA,Handgun,Unknown,
20060815KYJTV,Handgun,Unknown,
20060731FLYOT,Handgun,Unknown,
20060615MIPED,Handgun,Unknown,
20060606INWIG,Handgun,Unknown,
20060605CAVEL,Handgun,.38 caliber,
20060525PANON,Rifle,.22 caliber,
20060522SCBUI,Handgun,.40 caliber,
20060505FLPAM,Handgun,Unknown,
20060424NCEAC,Shotgun,Unknown,
20060418TXWEH,Handgun,Unknown,
20060405DCROW,No Data,,
20060314NVPIR,Handgun,.38 caliber,
20060310NYISN,Other,BB,
20060223ORROR,Handgun,Unknown,
20060221PAWEP,Rifle,AK-47,
20060215PAWEY,Handgun,.38 caliber,
20060209DEWIN,Handgun,Unknown,
20060203CALOC,Handgun,.22 caliber,
20060130MTCMG,Handgun,Unknown,
20060127TXLAG,Handgun,Unknown,
20060123CAWIV,Handgun,Unknown,
20060119OHWIC,No Data,,
20060118VAINC,Handgun,Unknown,
20060118TXPAA,Handgun,.22 caliber,
20060118MTFRA,Other,Airsoft,
20060113MIOSD,Handgun,Unknown,
20060113FLMIL,Rifle,Unknown,
20060113ALPIP,Handgun,Unknown,
20060111WIMAM,No Data,,
20060110DEMOW,Handgun,Unknown,
20060103NJLIJ,Handgun,Unknown,
20051206MICED,Handgun,Unknown,
20051206CASAG,Handgun,Unknown,
20051205MABOR,Handgun,Unknown,
20051116TXIRS,Handgun,Service Weapon,
20051115FLPAM,Handgun,.25 caliber,
20051108TNCAJ,Handgun,.22 caliber,
20051028NYFAF,Handgun,Unknown,
20051028MDANA,Handgun,Unknown,
20051027CABIF,No Data,,
20051020MISAS,Handgun,.38 caliber,
20051019CASAS,No Data,,
20051014NYSAN,Handgun,Unknown,
20051011MIFAF,Shotgun,12 gauge,
20050925CAUNL,Handgun,,
20050924MISAS,No Data,,
20050916UTUNS,Handgun,,
20050913ILHAC,Handgun,.25 caliber,
20050909WIPAR,Handgun,,
20050902FLSOJ,Handgun,Unknown,
20050901AKDIA,Handgun,Unknown,
20050825TNMAD,Handgun,.38 caliber,
20050819FLUNM,Handgun,,
20050819GAMOM,Handgun,Unknown,
20050817CAPLB,Handgun,Unknown,
20050816VICOE,No Data,,
20050718NJWEN,Handgun,Unknown,
20050612NJBAA,Handgun,Unknown,
20050608NYARP,Other,BB,
20050524LABOS,Handgun,.45 caliber,
20050524COACD,Other,BB,
20050520ILLOM,Other,Airsoft,
20050517PAHIL,Handgun,9mm,
20050514TXBER,Handgun,9mm,
20050429OHDAC,No Data,,
20050427LALER,Handgun,.25 caliber,
20050407TXCAC,Handgun,.45 caliber,
20050330TNEAM,Handgun,Unknown,
20050324TNFAM,Handgun,Unknown,
20050321NYNEB,Handgun,.45 caliber,
20050321MNRER,Handgun,.40 caliber,
20050321MNRER,Shotgun,12 gauge,
20050317LAOPA,Handgun,Unknown,
20050317CALOL,Handgun,Unknown,
20050316PACAP,Rifle,AK-47,
20050314OHLEC,Handgun,.45 caliber,
20050310TXZAD,Handgun,Unknown,
20050309TNMAN,Handgun,Unknown,
20050302TNSTD,Handgun,.45 caliber,
20050208ILBOC,No Data,,
20050204GAMCA,Handgun,Unknown,
20050126ILWOP,Handgun,Unknown,
20050105PAMUN,Handgun,Unknown,
20041231TXRIR,Handgun,Unknown,
20041213LALAL,Handgun,Unknown,
20041209WALAS,No Data,,
20041119FLTEJ,Handgun,Unknown,
20041117FLAPA,Handgun,9mm,
20041116SCBAB,Handgun,.22 caliber,
20041115INBRG,No Data,,
20041115ALPAB,Handgun,Unknown,
20041022CATYH,No Data,,
20041021MDTHB,Handgun,Unknown,
20041015CABIB,No Data,,
20041012CALAS,Handgun,Unknown,
20041007MANEN,Shotgun,Unknown,
20041002NEJEG,Handgun,.357 caliber,
20040915INWIG,Handgun,.38 caliber,
20040912LABON,Handgun,.38 caliber,
20040830ILPRM,Handgun,Unknown,
20040824TNHAM,Handgun,Unknown,
20040803ALHUB,Handgun,.22 caliber,
20040609CACAO,No Data,,
20040524UTWES,Handgun,.38 caliber,
20040512CAEAM,Shotgun,Unknown,
20040507MDRAR,Handgun,9mm,
20040504TXKAH,No Data,,
20040317WACRJ,Rifle,.22 caliber,
20040305CASAL,No Data,,
20040220LAGAS,Handgun,Unknown,
20040213OHCOD,Handgun,10mm,
20040211PATMP,Multiple Unknown,Unknown,
20040209NYCOE,Shotgun,12 gauge,
20040206LAFAS,Handgun,Service Weapon,
20040203TXYOH,Handgun,.38 caliber,
20040202DCBAW,Handgun,.38 caliber,
20040121NVFAH,Handgun,Unknown,
20040115CAPOP,Handgun,.22 caliber,
20031229FLABE,No Data,,
20031222NJCOW,Handgun,9mm,
20031217MDOLM,Handgun,.38 caliber,
20031205ILCAC,Handgun,Unknown,
20031204OKDOO,Handgun,Unknown,
20031202ILFEC,Handgun,Unknown,
20031113NCEAC,Handgun,.25 caliber,
20031108TXHIS,Handgun,.38 caliber,
20031030DCANW,Handgun,Unknown,
20031029LAMAM,Handgun,Unknown,
20031007OHKEA,Handgun,.22 caliber,
20031001CARIS,Shotgun,12 gauge,
20030925NCBUL,Handgun,9mm,
20030924MNROC,Handgun,.22 caliber,
20030922WALES,Handgun,9mm,
20030917MDOKE,Handgun,.44 caliber,
20030917MACHB,Handgun,Unknown,
20030910MSVIV,Handgun,Unknown,
20030513PAFOJ,No Data,,
20030424PARER,Multiple Handguns,Unknown,
20030416TXGRA,No Data,,
20030414LAJON,Multiple Rifles,Unknown,
20030414LAFAS,Handgun,Unknown,
20030410CAWAW,Handgun,,
20030401DCCAW,Handgun,.22 caliber,
20030330CAROW,Handgun,Unknown,
20030321MSNOM,Handgun,Unknown,
20030318IACLG,Rifle,.22 caliber,
20030205CORAW,Handgun,Unknown,
20030130OKJEJ,Handgun,9mm,
20030121KYWEO,Handgun,Unknown,
20021216ILENC,Handgun,Unknown,
20021212WAWIC,Rifle,Unknown,
20021202MIOSD,Handgun,9mm,
20021115TXSCS,Shotgun,Unknown,
20021115CAAML,No Data,,
20021107MOSTL,Handgun,Unknown,
20021029NJLIJ,Handgun,.38 caliber,
20021007MDBEB,Rifle,.223 caliber,
20021004TXPAS,Handgun,9mm,
20021004MTCMG,Handgun,Unknown,
20020426LAABN,Handgun,9mm,
20020406MDLEB,Handgun,Service Weapon,
20020322CAJOC,Handgun,.22 caliber,
20020207ILROC,Handgun,.38 caliber,
20020206CAGAL,Handgun,Unknown,
20020201TXBRB,Handgun,.22 caliber,
20020124PAOLO,Rifle,Unknown,
20020115NYMAN,Handgun,.38 caliber,
20020111MSRAJ,No Data,,
20011130TXFRF,Handgun,.357 caliber,
20011112MICAC,Multiple Unknown,Unknown,
20011026MIBES,Handgun,Unknown,
20011026CARER,Handgun,.38 caliber,
20011012UTTAT,Handgun,Unknown,
20010921MDLAB,Handgun,Unknown,
20010912KYLAC,Handgun,.38 caliber,
20010730CABEL,Handgun,Unknown,
20010607TXOUA,Handgun,Service Weapon,
20010515TXENE,Handgun,.357 caliber,
20010425OHJOC,No Data,,
20010420LAMOM,Handgun,.38 caliber,
20010410WAWAM,Rifle,Unknown,
20010402TXKLH,Handgun,.22 caliber,
20010330INLEG,Handgun,Unknown,
20010322CAGRE,Multiple Unknown,Unknown,
20010307WAKEC,Handgun,Unknown,
20010307PABIW,Handgun,.22 caliber,
20010306MDLAL,Handgun,Unknown,
20010305CASAS,Handgun,.22 caliber,
20010302CAHOS,No Data,,
20010202MIOSD,No Data,,
20010117MDLAB,Handgun,.32 caliber,
20010110CAHUO,Handgun,Unknown,
20010103CABAS,Handgun,.38 caliber,
20001221FLNOM,No Data,,
20001207CARIR,No Data,,
20001201CAJUS,No Data,,
20001201CAGRL,Handgun,.38 caliber,
20001101TXNEC,Handgun,9mm,
20001024AZPIG,Handgun,9mm,
20001005MNMIM,No Data,,
20000926LACAN,Handgun,.38 caliber,
20000918OHMOM,Handgun,.38 caliber,
20000907ILLOR,Handgun,Unknown,
20000905OHBIB,No Data,,
20000726OHTIC,No Data,,
20000717WADIR,Handgun,.22 caliber,
20000526FLLAL,Handgun,.25 caliber,
20000510AZCAS,Handgun,Unknown,
20000502COTHD,No Data,,
20000410AZLAT,Handgun,.38 caliber,
20000406OKHUH,Handgun,.38 caliber,
20000323OHMCL,Handgun,9mm,
20000310GABES,No Data,,
20000229MIBUF,Handgun,.32 caliber,
20000214ILDUC,Handgun,Unknown,
20000210PAPEY,Handgun,Unknown,
20000126NESOO,No Data,,
20000126CAALM,Handgun,.22 caliber,
20000120NCERA,Rifle,.27 caliber,
20000119FLRIN,Handgun,.22 caliber,
20000113NMALA,Handgun,.22 caliber,
20000110AKBAA,Handgun,Unknown,
19991206OKFOF,Handgun,9mm,
19991119NMDED,Handgun,.22 caliber,
19991117TXDID,Rifle,.22 caliber,
19991026WVGUB,No Data,,
19991026PAMAP,No Data,,
19991021CASAP,Handgun,Unknown,
19991011NVCLL,Handgun,.357 caliber,
19991004SDJOP,Handgun,.25 caliber,
19990927FLEGT,Unknown,.22 caliber,
19990909CASAS,Handgun,Unknown,
19990825GAJAM,No Data,,
19990520GAHEC,Handgun,.357 caliber,".357 pistol, .22 rifle"
19990520GAHEC,Rifle,.22 caliber,".357 pistol, .22 rifle"
19990422LASCB,Handgun,.22 caliber,
19990422GAMAA,Handgun,Unknown,
19990420COCOL,Handgun,9mm,TECH 9 Mini
19990420COCOL,Rifle,9mm,Hi-Point 995 Carbine
19990420COCOL,Shotgun,12 gauge,Pump Action
19990420COCOL,Shotgun,12 gauge,Double Barrel (sawed off)
19990416IDNON,Shotgun,Unknown,
19990304ILNIS,Handgun,.357 caliber,
19990211MSJEP,No Data,,
19990211ILOME,Handgun,.45 caliber,
19990121TXRIN,Handgun,9mm,
19990114NYHAN,Handgun,Unknown,
19990108GACEC,Handgun,Unknown,
19981211INBEI,Handgun,.22 caliber,
19981203INERG,Handgun,Unknown,
19981130NYHAH,Handgun,.25 caliber,
19981103PAMAP,Rifle,Unknown,
19980930FLNOM,No Data,,
19980930FLLEL,Handgun,Unknown,
19980911CAHEG,No Data,,
19980615VAARR,Handgun,.32 caliber,
19980529FLSTF,Handgun,9mm,
19980527CAWAP,No Data,,
19980521WAONO,Handgun,9mm,
19980521ORTHS,Handgun,9mm,
19980521ORTHS,Handgun,.22 caliber,
19980521ORTHS,Rifle,.22 caliber,
19980521CARIR,Handgun,.38 caliber,
19980519TNLIF,Rifle,.22 caliber,
19980501NYPUB,Handgun,.357 caliber,
19980501FLNOM,No Data,,
19980428WIPAP,Handgun,.22 caliber,
19980428CAPHP,Handgun,Unknown,
19980424PAPAE,Handgun,.25 caliber,
19980423CACUL,No Data,,
19980409IDTHA,Multiple Handguns,.45 caliber,
19980331WIOAO,Rifle,Unknown,
19980330NCGRC,Handgun,Unknown,
19980325MICOC,Shotgun,12 gauge,
19980325CAFED,Handgun,.22 caliber,
19980324ARWEJ,Multiple Unknown,Unknown,
19980227VAMAF,Rifle,.22 caliber,
19980225MIRER,Rifle,.22 caliber,
19980212NJHOH,Handgun,.38 caliber,
19971215ARSTS,Rifle,.22 caliber,
19971201KYHEW,Multiple Unknown,.22 caliber,"5 firearms from neighbor, 2 shotguns from father"
19971201KYHEW,Shotgun,Unknown,"5 firearms from neighbor, 2 shotguns from father"
19971201KYHEW,Shotgun,Unknown,"5 firearms from neighbor, 2 shotguns from father"
19971113CACRS,Handgun,Unknown,
19971107FLRIJ,Handgun,Unknown,
19971022CAJON,Handgun,9mm,
19971020CAMCO,No Data,,
19971015FLLIP,Shotgun,.38 caliber,
19971014TXLAG,Handgun,Unknown,
19971010INWAG,Handgun,Unknown,
19971005OKMOO,Handgun,9mm,
19971001MSPEP,Rifle,.30-30,
19970624ALJEM,Handgun,.38 caliber,
19970520OHDUD,Handgun,.38 caliber,
19970513FLNOM,Handgun,.38 caliber,
19970430NYCIN,No Data,,
19970428CAJOL,Handgun,Unknown,
19970403CAMAM,No Data,,
19970317MIPED,Handgun,Unknown,
19970221NVRAL,Handgun,9mm,
19970220FLFIJ,Handgun,Unknown,
19970219AKBEB,Shotgun,12 gauge,
19970213NYSAB,Handgun,Unknown,
19970213NYMOB,Handgun,.25 caliber,
19970206MSWIJ,Handgun,9mm,
19970127FLCOW,Handgun,.38 caliber,
19970108NYCRN,Handgun,Unknown,
19961127CAHIS,Handgun,Service Weapon,
19961014MOSUS,No Data,,
19961009ARJAS,No Data,,
19961004CASTP,No Data,,
19961002PASMP,No Data,,
19960925GADED,No Data,,
19960726CAJOL,Handgun,9mm,
19960604CAWEH,No Data,,
19960522CACOC,Handgun,Unknown,
19960514UTBIT,Handgun,.357 caliber,
19960415DCMCW,No Data,,
19960411ALTAT,Shotgun,12 gauge,
19960319NVSWL,Other,Pellet,
19960311NCNON,Handgun,9mm,
19960229MOBES,Handgun,9mm,
19960222GAJES,Handgun,.38 caliber,
19960208CAMIM,Unknown,.38 caliber,
19960202WAFRM,Handgun,Unknown,Rifle and 2 handguns taken from father
19960202WAFRM,Handgun,Unknown,Rifle and 2 handguns taken from father
19960202WAFRM,Rifle,.30-30,Rifle and 2 handguns taken from father
19960126TNEAM,Handgun,Unknown,
19960119DCWIW,No Data,,
19960102PAGIG,No Data,,
19951128NYTHN,Handgun,.25 caliber,
19951115TNRIL,Rifle,.22 caliber,
19951102FLBLM,No Data,,
19951030VAJOR,Handgun,.38 caliber,
19951023FLLAC,Handgun,.25 caliber,
19951012SCBLB,Handgun,.32 caliber,
19950929FLTAT,Handgun,9mm,
19950927ALBLP,Handgun,Unknown,
19950915KYGEW,Multiple Handguns,Unknown,
19950914KSOLO,Handgun,.22 caliber,
19950912TNCYM,Handgun,.38 caliber,
19950829TXMEL,Shotgun,Unknown,
19950614FLLAL,Handgun,.45 caliber,
19950327MIRED,Handgun,.22 caliber,
19950303MIPED,Handgun,Unknown,
19950208NECHS,Handgun,Unknown,
19950202CAJOL,Handgun,Unknown,
19950124DCSPW,Handgun,Unknown,
19950123CASAR,Shotgun,Unknown,
19950112WAGAS,Handgun,9mm,
19950110FLPAP,Handgun,.25 caliber,
19950105DCCAW,Handgun,.38 caliber,
19941207FLPAM,Handgun,,
19941115WASTT,Handgun,Unknown,
19941108IAWEM,No Data,,
19941107OHWIW,No Data,,
19941105CATHS,Handgun,Unknown,
19941031CAALA,Handgun,.45 caliber,
19941017ILHUC,Handgun,Unknown,
19941012NCGRG,No Data,,
19940922ORLEL,Handgun,.22 caliber,
19940919CALOL,No Data,,
19940908NYSWA,Handgun,.22 caliber,
19940907CAHOL,No Data,,
19940725IAOTO,Handgun,Unknown,
19940724PAMAM,No Data,,
19940526KYLAU,Handgun,Unknown,
19940525NJLAW,Handgun,.357 caliber,
19940525INLAS,Handgun,.22 caliber,
19940502FLNON,Handgun,.38 caliber,
19940421TNJTN,Handgun,.25 caliber,
19940420INDIS,Handgun,Unknown,
19940419DCELW,No Data,,
19940413CA49L,Handgun,.38 caliber,
19940412MTMAB,Handgun,.22 caliber,
19940408MDLAU,Handgun,9mm,
19940405TXMCA,Handgun,Unknown,
19940325GAETC,Handgun,9mm,
19940323WABAS,No Data,,
19940315SCGOC,No Data,,
19940309DCEAW,Handgun,Unknown,
19940303ALENB,Handgun,Unknown,
19940301MOKEB,Shotgun,Unknown,
19940218SCSPS,Handgun,9mm,
19940208MIOSD,No Data,,
19940131WAWHS,Rifle,Semiautomatic,
19940127CAWAS,Unknown,Unknown,
19940126DCPAW,Handgun,9mm,
19940126DCELW,No Data,,
19940124SCEAC,Handgun,.22 caliber,
19940121TXKEK,Rifle,.30-30,
19940120CALOH,No Data,,
19931217MICHC,Handgun,Unknown,
19931215CACHS,Handgun,Unknown,
19931208GABES,Handgun,Unknown,
19931202CTNEN,No Data,,
19931201WIWAW,No Data,,
19931111ILRIS,Handgun,Unknown,
19931104MSBAB,No Data,,
19931104FLTEJ,Handgun,Unknown,
19931104CTNEN,No Data,,
19931101ILSUC,Handgun,Unknown,
19931018DCJHW,Handgun,Unknown,
19931012DEDON,Handgun,.25 caliber,
19930928MSCOG,Handgun,.22 caliber,
19930925DCWEW,Handgun,Unknown,
19930917WYCES,Multiple Unknown,Unknown,"Owned multiple firearms, military"
19930917ILDOD,Handgun,.25 caliber,
19930916ILROC,No Data,,
19930912ALFAF,Handgun,,
19930902TXROD,Handgun,Unknown,
19930901KSJUJ,Handgun,Unknown,
19930831GAHAA,Handgun,.22 caliber,
19930803NYTHN,Handgun,Unknown,
19930707CADOL,Handgun,Unknown,
19930527LAFRN,Handgun,Unknown,
19930524PAUPP,Handgun,.22 caliber,
19930514TXNII,Handgun,.38 caliber,
19930416WAMOT,Handgun,.357 caliber,
19930416CAGRS,Handgun,Unknown,
19930415MAFOA,Shotgun,Unknown,
19930403CAGRS,Shotgun,Unknown,
19930325MOSUS,Handgun,Unknown,
19930318GAHAH,Handgun,Unknown,
19930308VADOD,Handgun,.38 caliber,
19930226MAGLG,No Data,,
19930222CAREL,Handgun,Unknown,
19930208MNMIM,Rifle,.30-30,
19930208DCWAW,Handgun,Unknown,
19930204GACLA,Handgun,Unknown,
19930203SCLEL,Handgun,,
19930203SCGAC,Handgun,9mm,
19930201WARER,No Data,,
19930201NYAMA,Handgun,.22 caliber,
19930121CAFAL,Handgun,.357 caliber,
19930118KYEAG,Handgun,.38 caliber,
19930112FLNOM,Handgun,Unknown,
19930108PACRM,Handgun,,
19930105NYBRB,No Data,,
19921214NYWAW,Handgun,.357 caliber,
19921203ILWOC,Handgun,.357 caliber,
19921202PASOS,Shotgun,,
19921130ILORC,Handgun,Unknown,
19921124ALROM,Handgun,Unknown,
19921120ILTIC,Handgun,.22 caliber,
19921116ALFAB,Handgun,Unknown,
19921113TXLAC,Handgun,.45 caliber,
19921110ILSHC,Handgun,.22 caliber,
19921104MIMUD,Handgun,Unknown,
19921104MIMAD,No Data,,
19921104MIFID,Multiple Unknown,Unknown,
19921019NYEVB,Rifle,Unknown,
19921013AZDET,Handgun,.22 caliber,
19920930TXHOH,Shotgun,Unknown,
19920930CAPAL,Handgun,,
19920928CAHIS,Handgun,Unknown,
19920911TXPAA,Handgun,.22 caliber,
19920606CAMEM,Handgun,Unknown,
19920530DCARW,Handgun,,
19920529CAVEL,No Data,,
19920514TXHUH,Handgun,Unknown,
19920514CASIN,Handgun,.357 caliber,
19920501CALIO,Rifle,.22 caliber,Shotgun and .22 rifle
19920501CALIO,Shotgun,Unknown,Shotgun and .22 rifle
19920417TXLID,No Data,,
19920409FLFOF,Handgun,Unknown,
19920331LAOPA,Handgun,Unknown,
19920305OHHAO,Handgun,Unknown,
19920226NYTHB,Handgun,.38 caliber,
19920224MDROB,Handgun,.22 caliber,
19920207VABON,Handgun,Unknown,
19920206OKDOO,No Data,,
19920131LAFRG,Handgun,Unknown,
19920128LAFRG,Handgun,Unknown,
19920117SCGRG,Handgun,,
19911226NCWHW,Handgun,Unknown,
19911125NYTHB,Handgun,9mm,
19911114TXMIH,Handgun,Unknown,
19911111TXYSE,Handgun,Unknown,
19911106LAWAN,Handgun,Unknown,
19911023TXOAD,Handgun,Unknown,
19911015TXGEP,Rifle,.22 caliber,
19911015SCWOW,Handgun,Unknown,
19911015NHMOS,Rifle,Unknown,
19911011MAMAR,Handgun,.22 caliber,
19911009NYJAB,Handgun,Unknown,
19911004CAROL,Handgun,Unknown,
19911004CADOL,Handgun,Unknown,
19911002TXSPH,Handgun,.25 caliber,
19910918TXCRC,Handgun,.38 caliber,
19910917ILWOC,Handgun,Unknown,
19910913TXMAH,Handgun,Unknown,
19910730CAENC,Handgun,Unknown,
19910722CAWEL,Handgun,.22 caliber,
19910521FLSCP,Handgun,.22 caliber,
19910521CAROS,Handgun,Unknown,
19910516KSCOK,Rifle,.22 caliber,
19910510OHFRC,Handgun,Unknown,
19910423MSHUB,Handgun,.22 caliber,
19910423CARAC,No Data,,
19910411SCNOR,Handgun,.22 caliber,
19910325NCGAC,No Data,,
19910314SCWOP,No Data,,
19910313ALSES,Handgun,.22 caliber,
19910219LABON,Handgun,Unknown,
19910117TXHOD,Handgun,Unknown,
19910108TXRIR,Handgun,.357 caliber,
19901213LASAS,No Data,,
19901110TXJUD,Handgun,.25 caliber,Automatic
19901030TXNAG,Handgun,.25 caliber,
19901029INCHC,Handgun,.44 caliber,
19901002TXWHD,Handgun,Unknown,
19900922ALLEB,Handgun,Unknown,
19900911TXSAS,Handgun,.45 caliber,
19900906GASOC,Rifle,.30-06,
19900906GASOC,Shotgun,12 gauge,
19900906GASOC,Handgun,.25 caliber,
19900827TXWHD,Handgun,Unknown,
19900827NVELL,Handgun,Unknown,
19900824NCMYC,Handgun,Unknown,
19900531TXSUF,Handgun,.22 caliber,
19900520TNHIC,No Data,,
19900504CAMOE,Handgun,Unknown,
19900403TXSKD,Handgun,.25 caliber,
19900327NYNEB,Handgun,.38 caliber,
19900220OHTAC,Handgun,9mm,
19900116RICEP,No Data,,
19900105FLCRC,Handgun,,
19891212SCCHC,Handgun,.45 caliber,
19891205TXWWD,Handgun,.25 caliber,
19891205PASEM,Handgun,.22 caliber,
19891204LACAS,No Data,,
19891122CACHO,Handgun,.22 caliber,
19891115TXWOA,Handgun,.22 caliber,
19891113NYALN,Handgun,.22 caliber,
19891031TXOLD,Other,BB,
19891027CABAB,,,
19891005CALOA,Handgun,Unknown,"Shotgun, pistol"
19891005CALOA,Shotgun,Unknown,"Shotgun, pistol"
19890918KYJAM,Shotgun,Unknown,
19890911AZDYE,Handgun,.25 caliber,
19890901VASAV,Multiple Handguns,,
19890426TXAMD,Handgun,.22 caliber,
19890303INWIG,Handgun,.22 caliber,
19890210UTTHK,Handgun,.22 caliber,
19890209IDRIR,Handgun,.22 caliber,
19890126DCWOW,Handgun,Unknown,
19890117CACLS,Handgun,9mm,Taurus PT92 pistol
19890117CACLS,Rifle,.223 caliber,"Semi-auto; Legal purchased AK-47 rifle carved with the words ""freedom"", ""victory"", ""Earthman"", and ""Hezbollah"""
19890105ARHEL,Handgun,.22 caliber,
19881216VAATV,Handgun,9mm,
19881122TXABA,Handgun,.22 caliber,
19881107UTGLS,Handgun,.22 caliber,
19881101FLPAJ,Handgun,.25 caliber,
19881007TXDIP,Handgun,.22 caliber,
19881007MDSOB,Handgun,Unknown,
19881006ALMOM,Handgun,Unknown,
19881005MDEDB,Handgun,Unknown,
19881004LAISB,No Data,,
19881004FLJEJ,Handgun,Unknown,
19881003FLMAM,Rifle,Unknown,
19880926SCOAG,Handgun,.22 caliber,
19880922ILMOC,Handgun,.38 caliber,
19880903TXLID,Handgun,Unknown,
19880902NCGAC,Handgun,.38 caliber,
19880902GAGLA,Handgun,Unknown,
19880831SCWEA,Handgun,.25 caliber,
19880831MICED,Multiple Handguns,Unknown,
19880711MSLAJ,Handgun,.22 caliber,
19880710WISIM,Other,Submachine gun,
19880630HIAIO,Handgun,.38 caliber,
19880617MIJOD,Handgun,.22 caliber,
19880602MSWIJ,Handgun,.357 caliber,
19880531NYPUB,No Data,,
19880520ILHUW,Handgun,.357 caliber,
19880520ILHUW,Handgun,.22 caliber,
19880520ILHUW,Handgun,.32 caliber,
19880516FLFOF,Handgun,.22 caliber,
19880505ILMAC,Handgun,.38 caliber,
19880324TXTRA,Other,BB,
19880323CACAS,No Data,,
19880304MILED,No Data,,
19880226RIBRB,Handgun,.22 caliber,
19880211FLPIL,Handgun,.38 caliber,.38 pistols (both)
19880211FLPIL,Handgun,.38 caliber,.38 pistols (both)
19880202ALWET,Multiple Unknown,Unknown,
19880129TXREA,No Data,,
19880120LASIR,Handgun,.357 caliber,
19880108PACRM,Handgun,.32 caliber,
19880106FLGAT,Handgun,.357 caliber,
19880105PASPS,Handgun,Unknown,
19871216TXMAK,Handgun,.357 caliber,
19871215NYGRB,No Data,,
19871204NYEAN,Handgun,Unknown,
19871202FLENJ,Handgun,.357 caliber,
19871130TXPES,Handgun,Unknown,
19871114FLCLC,Handgun,.45 caliber,
19871104MISOD,Handgun,Unknown,
19871030NCSOK,Handgun,.22 caliber,
19871014ILDUC,Handgun,Unknown,
19870928ILILL,Handgun,.22 caliber,
19870513ILOAO,Handgun,.25 caliber,
19870506FLLET,Handgun,.38 caliber,
19870506ARMAJ,Handgun,.25 caliber,
19870503INPII,Handgun,Unknown,
19870430ORGRP,Handgun,Unknown,
19870416MIMUD,Handgun,Unknown,
19870330CAPAS,Handgun,Unknown,
19870306TXRIE,No Data,,
19870302MODED,Handgun,.45 caliber,
19870224NYMON,Handgun,Unknown,
19870213AZORM,Multiple Unknown,Unknown,
19870210ARDAD,Rifle,Unknown,
19870123MIRED,No Data,,
19870114CALOL,Handgun,.22 caliber,
19861204MTFEL,No Data,,
19861008TXSOD,Handgun,.22 caliber,
19861003CAMOM,Handgun,.22 caliber,
19860918CABEB,Handgun,.38 caliber,
19860912CAFAL,Handgun,Unknown,
19860517TNMAN,Handgun,.22 caliber,
19860515GACAA,Rifle,Unknown,
19860509NCPIF,Handgun,.25 caliber,
19860506PAMOK,Multiple Handguns,,"revolver and a semi-automatic pistol, box of ammo"
19860429MOSES,Shotgun,12 gauge,
19860423FLCHM,Handgun,.22 caliber,
19860306ILTHD,Handgun,.357 caliber,
19860224LABOS,Handgun,.45 caliber,
19860129MDLAB,Handgun,Unknown,
19860117CAVAL,Handgun,Unknown,
19860109NCNOD,Handgun,.22 caliber,
19851210CTPOP,Handgun,9mm,
19851209PAARP,Other,Unknown,
19851203NHCOC,Shotgun,20 gauge,
19851127ALCHB,Handgun,.22 caliber,
19851126WASPS,Rifle,.22 caliber,
19851022OHSOG,Handgun,Service Weapon,
19851018MIMUD,Shotgun,Unknown,
19851008MDLAB,Handgun,Unknown,
19850925OHTRT,Handgun,Unknown,
19850920TXLAC,Handgun,.357 caliber,
19850909TXWHH,Handgun,Unknown,
19850904VAEAR,Handgun,.38 caliber,
19850724TXHIH,Handgun,Unknown,
19850521ALALS,Multiple Rifles,,"Two semi auto rifles, 372 rounds of ammo"
19850516FLPAB,Handgun,Unknown,
19850418TNSOS,Handgun,.45 caliber,
19850416TXMAA,Handgun,Service Weapon,
19850205CTAIH,Handgun,Unknown,
19850126MASTB,Handgun,Unknown,
19850121KSGOG,Handgun,.357 caliber,M1A .308 and .357 Magnum
19850121KSGOG,Rifle,.308 caliber,M1A .308 and .357 Magnum
19850118TXARA,Shotgun,410 gauge,
19841207MOEDS,Multiple Unknown,Unknown,
19841126MDMIR,Handgun,.22 caliber,
19841109CTWIN,Handgun,9mm,
19841031LAEAG,Handgun,.22 caliber,
19841030SCPEP,Handgun,.32 caliber,
19841024OHWEC,Handgun,Unknown,
19841024MISOD,Handgun,.38 caliber,
19841022MICED,Handgun,Unknown,
19841021PAWYE,Other,Pellet,
19840928TXRIN,Multiple Unknown,Unknown,
19840928TXMIH,Rifle,Unknown,
19840831LABOS,Handgun,Unknown,
19840710MIMUD,No Data,,
19840522OHCLC,Handgun,.25 caliber,
19840518CANON,Shotgun,Unknown,
19840517TXBOH,Handgun,.25 caliber,
19840517IASOP,Handgun,.38 caliber,
19840515MTCMG,Rifle,.22 caliber,
19840426NCROW,Handgun,Unknown,
19840420MIPRD,Handgun,Unknown,
19840405LACLC,Handgun,Unknown,
19840224CA49L,Rifle,AR-15,AR15 and 2 shotguns
19840224CA49L,Shotgun,Unknown,AR15 and 2 shotguns
19840224CA49L,Shotgun,Unknown,AR15 and 2 shotguns
19840221TXSHH,Handgun,.38 caliber,
19840206KYCEL,Handgun,Unknown,
19840105MDLAB,Handgun,Unknown,
19831216ILBOR,Handgun,.357 caliber,
19831202INCRC,Handgun,.44 caliber,
19831118MDHAB,Handgun,Unknown,
19831117ILJAC,Handgun,Unknown,
19831108MIHIH,Handgun,.38 caliber,
19831022MDCAB,Other,Starter,
19831007CACOL,Handgun,Unknown,
19830930TXTET,No Data,,
19830921MDWAB,Handgun,.22 caliber,
19830912MIHED,Handgun,Unknown,
19830912CAMAC,Multiple Handguns,Unknown,
19830526PAGRJ,Handgun,.22 caliber,
19830523OHMAM,Handgun,Unknown,
19830518FLNOM,Handgun,Unknown,
19830516TXLAD,Handgun,.357 caliber,
19830516NYBRN,Rifle,.22 caliber,
19830421MOBES,No Data,,
19830331ILSAC,Handgun,.38 caliber,
19830202NMALA,No Data,,
19830201TNRIM,Handgun,.25 caliber,
19830131FLDED,Handgun,.22 caliber,
19830130TXWEC,Handgun,Unknown,
19830128MDWIB,Handgun,.25 caliber,
19830120MOPAB,Handgun,.22 caliber,Two .22 automatic
19830120MOPAB,Handgun,.22 caliber,Two .22 automatic
19830118TXJOH,Handgun,.22 caliber,
19821220MIFID,Handgun,Unknown,
19821206ALHUH,Handgun,Unknown,
19821112MSWIJ,Shotgun,Unknown,
19821108MICOD,Handgun,.22 caliber,
19821101NYELE,Handgun,Unknown,
19820915ARSOP,Handgun,.22 caliber,
19820910VALAB,No Data,,
19820527NVGAL,Other,Pellet,
19820430FLANA,Handgun,.22 caliber,
19820429GARUE,Rifle,Unknown,
19820415MDFOB,Handgun,.32 caliber,
19820407CODEL,Handgun,.38 caliber,
19820319NVVAL,Handgun,.22 caliber,
19820317OHLOL,Handgun,.25 caliber,
19820315ORSPS,Handgun,.38 caliber,
19820209LAJON,No Data,,
19820208MADOD,Handgun,.38 caliber,
19820205TNHAM,Handgun,Unknown,
19811223NYJAB,Handgun,Unknown,
19811216TXUNH,Handgun,.22 caliber,
19811209NYGEB,Handgun,Unknown,
19811013CTHAH,Handgun,Unknown,
19810913MDABA,Handgun,Service Weapon,
19810908FLSTW,Handgun,.22 caliber,
19810904NMHOS,Handgun,.22 caliber,
19810901PAWIP,Handgun,.25 caliber,
19810515LANEN,Handgun,.22 caliber,
19810407MSPOP,No Data,,
19810402OHALC,Handgun,.22 caliber,
19810328FLDIF,Handgun,Unknown,
19810303INMAI,Handgun,Unknown,
19810210CAMAL,Shotgun,Unknown,
19810210ARLIL,Handgun,Unknown,
19810122MDFRB,Handgun,Unknown,
19810121OHWIB,Handgun,.38 caliber,
19801212OHLOL,Handgun,.22 caliber,
19801212ALPAB,Handgun,Unknown,
19801117TXEAF,Handgun,.22 caliber,
19801031ALHUH,Handgun,.22 caliber,
19801013ALCET,Handgun,Unknown,
19800926CTBRB,Rifle,.22 caliber,
19800911ALJOM,Handgun,Unknown,
19800910DCSPW,Handgun,.25 caliber,
19800908FLFOJ,Handgun,Unknown,
19800902CAWHL,Shotgun,12 gauge,
19800530NYCLB,Handgun,.38 caliber,
19800417VACAC,Handgun,Unknown,
19800331MDFRB,Handgun,.32 caliber,
19800320TXJLD,Handgun,.38 caliber,
19800215MSHUM,Handgun,.32 caliber,
19800211INARI,Handgun,.22 caliber,
19800207TXVAL,Handgun,.25 caliber,
19800201DCLAW,Handgun,.22 caliber,
19800129VALAW,Handgun,.45 caliber,
19800107ARSTS,Handgun,.22 caliber,
19791221MOBLS,Handgun,Unknown,
19791203MDEAB,Handgun,.25 caliber,
19791130TXUNL,Handgun,.22 caliber,
19791105INWAI,Handgun,Unknown,
19791023MOOFS,Handgun,Unknown,
19790928MACHC,Rifle,Unknown,
20000926LACAN,Handgun,.38 caliber,
19790614OHNEN,Handgun,.22 caliber,
19790426TXAZA,Handgun,.22 caliber,
19790425PAMAH,Rifle,Unknown,
19790416WIWIM,Shotgun,Unknown,
19790328CALOL,Handgun,Unknown,
19790314FLMCM,Handgun,Unknown,
19790226CABAB,Handgun,,Pistol
19790129CAGRS,Rifle,.22 caliber,
19781214CTWIN,Handgun,Unknown,
19781129NYPAN,Handgun,.22 caliber,
19781017MOUNU,Handgun,Unknown,
19781017ALLAL,Handgun,.22 caliber,
19780610MAWEW,Handgun,.22 caliber,
19780607DEDOD,Handgun,Unknown,
19780519PADOP,Multiple Rifles,Unknown,
19780518TXMUA,Rifle,.22 caliber,
19780428ILRIN,Handgun,Unknown,
19780426TXPAD,Handgun,.38 caliber,
19780414MIFOD,Handgun,Unknown,
19780329TNGAN,Handgun,Unknown,
19780309CAMOS,Rifle,.22 caliber,
19780222MIEVL,Handgun,.22 caliber,
19780209WVHAS,Handgun,.22 caliber,
19780111KYCHH,Handgun,.32 caliber,
19771215MABLC,No Data,,
19771212FLWEW,Handgun,Unknown,
19771209CAPES,Handgun,.22 caliber,
19771129MOVAS,No Data,,
19771129MOHAS,Rifle,.22 caliber,
19770711COSOC,Handgun,.32 caliber,
19770622ILHOC,No Data,,
19770517FLSTC,Rifle,.22 caliber,
19770418TNPIN,Handgun,Unknown,
19770407TXWHW,Handgun,.38 caliber,
19770321NYPAH,Rifle,.22 caliber,
19770308ILCOE,Handgun,.25 caliber,
19770228TXHOA,Handgun,Unknown,
19770228MOROS,No Data,,
19770209ILFEC,Handgun,Unknown,
19770113ILOLB,Handgun,Unknown,
19761210MOFRS,Handgun,.38 caliber,
19761110MIBUD,Handgun,Unknown,
19760920NCGUG,Shotgun,Unknown,
19760602MDMTC,No Data,,
19760514FLPAW,Handgun,.38 caliber,
19760513MOMAS,Handgun,Unknown,
19760412TXODF,Handgun,Unknown,
19760212MIMUD,Handgun,Unknown,
19760206FLESP,No Data,,
19760123OHCOC,Handgun,.25 caliber,
19760101AZCAP,Rifle,.22 caliber,
19751218CAORS,Rifle,.22 caliber,
19751024GAMUA,Handgun,.38 caliber,
19751001NMHEA,Handgun,.38 caliber,
19750911OKGRO,Unknown,Unknown,
19750711MOCES,Handgun,Unknown,
19750709ILDEC,No Data,,
19750527MIPID,Rifle,Unknown,
19750515MOROS,Handgun,.32 caliber,
19750321VAFAR,Rifle,.22 caliber,
19750321OHPAD,Handgun,.22 caliber,
19750318MOSUS,Unknown,Unknown,
19750312TXJOH,Handgun,Unknown,
19750224NJSTP,Shotgun,Unknown,
19750207NYBOM,Handgun,.38 caliber,
19741230NYOLO,Multiple Unknown,Unknown,
19741218CAMAL,Handgun,Unknown,
19741125SCCAC,Handgun,Unknown,
19741121ARBOL,Handgun,.38 caliber,
19741118SCCAC,No Data,,
19741021MDDOB,Handgun,Unknown,
19741007LADEH,Handgun,.45 caliber,
19740925CASAL,Handgun,Unknown,
19740923CAJED,Handgun,Unknown,
19740519FLHIO,Rifle,Unknown,
19740510TNCHR,Handgun,Unknown,
19740402CTSTB,Other,Unknown,
19740322INBRB,Rifle,.22 caliber,
19740207CAJAO,Handgun,Unknown,
19740122CALOL,No Data,,
19740117ILBAC,Handgun,.38 caliber,.38-caliber snub-nose revolver and .45-caliber pistol
19740117ILBAC,Handgun,.45 caliber,.38-caliber snub-nose revolver and .45-caliber pistol
19731213OHHUC,Handgun,.22 caliber,
19731206CAFRL,Handgun,Unknown,
19731109CALOL,No Data,,
19731108ILWOC,Handgun,.38 caliber,
19731031MONOS,Shotgun,Unknown,
19731024MNCEM,Shotgun,Unknown,
19731023OHBAB,Handgun,.22 caliber,
19731023MOSUS,Multiple Unknown,Unknown,
19731019MOBES,No Data,,
19731002ILELA,Handgun,.38 caliber,
19730928CAWIL,Handgun,Unknown,
19730501OHRAY,Handgun,Unknown,
19730423KYJAH,Rifle,.22 caliber,
19730405CALOL,Handgun,Unknown,
19730226VAARR,Handgun,.38 caliber,
19730212ALBOM,Handgun,Unknown,
19730131NCCUB,Handgun,Unknown,
19730118CAJOL,Handgun,Unknown,
19730105NCSOS,Handgun,Unknown,
19721129FLMIM,No Data,,
19721127MIPOP,No Data,,
19721111CAJEL,No Data,,
19720921OHTHA,Handgun,Unknown,
19720919TXCUH,Handgun,.22 caliber,
19720915MISAS,No Data,,
19720914TXFRH,Handgun,.25 caliber,
19720505INDEI,Handgun,.32 caliber,
19720504NVLIR,Handgun,.22 caliber,
19720412LAEAG,No Data,,
19720313TXUNH,Handgun,Unknown,
19720228CAMAL,Handgun,.22 caliber,
19720215ILKEC,Handgun,Service Weapon,
19720214ILCAC,Handgun,Unknown,
19720126MDHAB,Rifle,.22 caliber,
19720126MDGWB,Handgun,Unknown,
19720124OHSTS,Handgun,.22 caliber,
19720105DCPAW,Handgun,.22 caliber,
19711213MDCAB,Handgun,.22 caliber,
19711206CALOL,Handgun,.22 caliber,
19711124MDEDB,Handgun,Unknown,
19711108OKGRT,Handgun,.22 caliber,
19711103NMCAC,Rifle,Automatic,
19711029MDFRB,Handgun,Unknown,
19711029MDFOB,Rifle,.22 caliber,
19711028MDCIB,Handgun,Unknown,
19710929VAPEP,Handgun,Unknown,
19710928MNCEM,No Data,,
19710924NYMCB,Handgun,Unknown,
19710909TXDUL,Handgun,.22 caliber,
19710820PAMOM,Handgun,Unknown,
19710602NYEAE,Handgun,.22 caliber,
19710527MIBES,Handgun,Unknown,
19710405PAWIH,Handgun,Unknown,
19710309AZROT,Handgun,.22 caliber,
19710225OHFRC,Rifle,.22 caliber,
19710210TXOAD,Shotgun,12 gauge,
19710205PAJOW,Handgun,Unknown,
19710202PAMOP,Handgun,.45 caliber,
19701212WIXAA,Handgun,Service Weapon,
19701120ILHAC,Handgun,Unknown,
19701027OHAPM,Handgun,.38 caliber,
19701020TNWAN,Handgun,Unknown,
19701019TNBOM,Handgun,Unknown,
19701005MIPOD,Handgun,Unknown,
19700928IACED,No Data,,
19700924IDMEM,Handgun,.22 caliber,
19700914TNHAN,Rifle,Unknown,
19700831FLALM,Rifle,Unknown,
19700828TXRIE,Handgun,Unknown,
19700515UTBEO,Handgun,9mm,
19700508FLCAD,Handgun,.22 caliber,
19700422DEPIW,Handgun,.38 caliber,
19700415ARPIP,Multiple Handguns,Unknown,
19700323CADAL,Handgun,Unknown,
19700206OHJOC,Handgun,Unknown,
19700105DCUNW,Handgun,Unknown,
19700105DCSOW,Handgun,.22 caliber,
19700105DCHIW,Handgun,Unknown,
19691119WITOT,Shotgun,20 gauge,
19690513NCHAW,Handgun,,
19690425ILTIC,Handgun,,
19690123DCCAW,Handgun,,
19690121KYSHL,Handgun,,
19681010TNRIC,Handgun,,
19680928ILTIC,Handgun,,
19680905ILPAC,Multiple Handguns,.32 caliber,
19680610CASAR,Handgun,.22 caliber,
19680522FLCHM,Handgun,,
19680325NCHIH,Handgun,.38 caliber,
19680212OKHOH,Handgun,,
19680205ILBOC,Shotgun,,Sawed off
19680202TXUNC,Handgun,,
19680130FLMIM,Handgun,.22 caliber,
19671023HIFAH,Handgun,.22 caliber,
19671018PAGEP,Handgun,,
19670921VTTUT,Handgun,,
19670503ILWEN,Handgun,.22 caliber,
19670419TXTRF,Handgun,,
19670324ILWAC,Rifle,,"Automatic carbine, federal charges considered for illegal machine gun"
19670127NCSTS,Handgun,,
19661108TNLAM,Handgun,.22 caliber,
19661005MNGRG,Rifle,.22 caliber,
19660922PAPHP,Handgun,.38 caliber,
19660922PAPHP,Handgun,.32 caliber,
19660828FLSEC,Handgun,,
19660427NYBAB,Shotgun,20 gauge,
19660328CAJOL,Handgun,Service Weapon,
19660324CACAM,Handgun,,
19660314TXCAW,Handgun,Service Weapon,
19660311NCIRC,Handgun,.22 caliber,
20211110NCMOM,Handgun,,
20211116LAABA,Handgun,,
20211117CAORA,Handgun,,
19950327MIPED,Handgun,,
19950327MIDED,Handgun,,
19920609MIDED,Handgun,,
20191022MIPOH,Handgun,,
20211202PAWIP,Handgun,,
19800502MINOD,,,
19980406IDCLK,Handgun,,Unloaded
19980408ADSAT,Handgun,,
19900124MIFID,Handgun,,
19750515MDLAU,Handgun,,
20220920MNMAM,Handgun,,
20220228GAJOJ,Handgun,,
20210304CTACN,Handgun,,
20210301NYWAO,Handgun,.45 caliber,
20200213UTWES,Handgun,,
20190925DCAIW,,,
20190417MIFLF,Handgun,,
20190403CANES,Handgun,,
20190116MNNOM,Handgun,,
20151110FLLEL,Handgun,9mm,
20071015GAGRG,Handgun,,
20070606FLSGT,Handgun,.22 caliber,
20030415CADED,Handgun,,
20010206TXPED,Handgun,,Revolver
20000224OKTET,Handgun,,
20000222MSHOH,Handgun,,
19991103MADOB,Handgun,.32 caliber,
20030922MNJOR,Other,,Replica handgun with real magazine
19860925NYREB,Shotgun,,
